entry name,182_S25_R1_001,112_S27_R1_001,15-7p150_S32_R1_001,192_S22_R1_001,15-1p16_S33_R1_001,121_S24_R1_001,153_S15_R1_001,124_S16_R1_001,166_S4_R1_001,059_S13_R1_001,167_S23_R1_001,149_S3_R1_001,093_S6_R1_001,144_S5_R1_001,062_S19_R1_001,179_S26_R1_001,138_S30_R1_001,033_S21_R1_001,6c_S47_R1_001,123_S20_R1_001,1c_S43_R1_001,29-7p16_S41_R1_001,Undetermined_S0_R1_001,197_S2_R1_001,15-7p16_S31_R1_001,29-1p16_S39_R1_001,17-7p150_S38_R1_001,109_S9_R1_001,187_S10_R1_001,105_S1_R1_001,15-1p150_S34_R1_001,29-7p150_S42_R1_001,17-1p150_S36_R1_001,17-7p16_S37_R1_001,127_S29_R1_001,164_S14_R1_001,075_S12_R1_001,135_S7_R1_001,17-1p16_S35_R1_001,019_S18_R1_001,125_S11_R1_001,106_S28_R1_001,7c_S44_R1_001,32c_S45_R1_001,29-1p150_S40_R1_001,4c_S46_R1_001,103_S17_R1_001,34c_S48_R1_001,128_S8_R1_001
Lys_Comb_1,876,194,314,388,148,340,387,264,574,474,591,1095,302,421,649,998,941,821,4392,272,1999,160,497,172,651,64,49,725,1035,321,164,146,40,389,115,1102,133,383,152,362,453,1232,3813,1167,45,44,359,811,285
Lys_Comb_2,0,0,0,0,0,0,0,0,0,0,2,0,0,0,0,0,0,0,0,0,0,0,0,0,21,0,0,0,0,0,0,0,0,0,0,0,0,0,0,0,0,0,0,0,0,0,1,0,0
Ala_Cys_Comb_1,380,212,721,314,604,484,126,159,164,232,626,368,141,187,211,456,330,527,951,247,835,241,338,262,1979,124,209,130,453,154,1788,397,299,1321,177,1478,70,93,520,145,409,645,353,851,130,444,201,74,131
Ala_Val_Comb_1,133,11,96,59,91,118,26,20,74,20,87,45,41,47,85,60,25,80,2633,30,537,2,115,45,1,4,2,8,96,1,16,12,7,96,6,21,2,20,37,59,90,1,757,2716,15,0,6,182,21
Cys_Comb_1,142,100,193,318,511,207,153,183,638,180,107,554,158,111,100,772,125,678,43872,249,1582,125,1062,214,794,9,247,568,543,126,372,30,166,1145,37,734,1,220,436,237,263,1632,6047,22284,23,4,192,904,70
Ala_Val_Comb_2,21,14,1,36,127,8,6,11,19,40,24,9,11,16,14,51,19,39,870,6,162,35,63,3,291,14,55,27,55,20,56,45,44,288,0,14,0,15,117,6,10,2,284,856,8,66,58,1583,15
Val_Comb_1,726,405,553,1319,1227,1107,332,311,475,649,3064,789,417,439,3435,2737,1052,1264,1675,750,556,403,669,349,2760,131,160,609,810,682,447,292,274,1633,295,654,67,267,882,528,605,3698,868,240,114,472,807,1554,590
Cys_Comb_2,25,13,51,37,24,18,1,33,43,34,0,77,5,15,76,38,27,29,100,21,28,3,51,1,0,1,47,320,80,32,27,2,8,28,8,937,0,11,11,107,35,0,66,63,85,0,9,25,12
Ala_Comb_1,9,0,1,6,18,32,26,5,9,2,2,4,15,1,8,39,33,72,359,22,57,0,20,0,58,0,2,10,28,13,5,0,0,1,0,3,0,2,0,1,1,0,158,155,0,0,0,63,13
Pro_Comb_1,22,50,44,29,15,32,18,17,69,47,251,115,12,44,373,171,36,126,266,72,56,3,68,13,0,4,0,99,59,64,12,4,19,13,19,179,0,84,22,73,44,916,142,69,0,120,46,244,16
Ala_Comb_2,2,3,0,0,1,0,0,0,0,0,0,17,0,0,0,2,0,19,109,0,12,0,5,0,0,0,2,0,21,0,2,0,0,38,0,0,0,0,0,0,3,1,43,60,0,0,0,107,0
Lys_Comb_3,45,5,0,61,61,19,23,11,8,1,0,13,3,0,8,41,10,0,19,8,21,13,14,0,207,1,9,7,20,0,18,17,7,9,0,30,0,2,49,0,15,0,19,12,9,0,5,1,9
Lys_Comb_4,129,38,0,31,9,0,26,26,12,36,139,49,15,35,51,64,100,99,235,23,169,15,36,0,0,11,1,52,115,2,18,17,9,61,23,50,0,43,18,14,1,0,169,62,18,0,30,38,7
Gln_Comb_1,0,0,0,0,0,0,0,4,0,0,0,0,0,0,0,0,0,0,5,13,0,0,0,0,0,0,0,0,0,0,0,0,0,0,0,1,0,0,0,0,0,0,0,0,0,0,0,0,0
Gln_Comb_2,26,0,0,0,4,24,0,0,0,0,37,7,0,0,0,0,0,0,41,0,8,0,3,0,0,0,0,5,16,0,0,8,0,0,0,20,0,9,16,0,7,0,20,19,0,0,0,5,18
Arg_Asn_Comb_1,15,5,0,0,0,0,22,0,12,0,70,9,0,0,30,33,9,12,9,28,13,0,6,0,0,0,0,8,1,0,0,0,6,18,0,0,0,9,27,21,5,0,9,2,0,28,0,2,4
Gln_Comb_3,1756,240,370,204,333,344,251,424,385,289,533,625,212,437,311,774,638,774,934,230,690,49,403,361,3135,48,64,582,872,241,167,81,52,1090,28,1110,182,241,333,396,475,4,959,494,43,73,341,291,272
Lys_Comb_5,1517,2506,7210,4171,9903,5363,2684,2970,3452,3016,5737,4066,2607,2482,4142,8179,4390,6499,3050374,3522,118241,917,48567,3320,8078,527,417,2360,7743,2544,7400,972,3196,16684,1156,4206,806,2139,7086,3501,3313,6498,537563,168902,491,3321,2947,26974,2687
Val_Comb_2,16848,22138,40748,27266,72785,32721,29590,22963,89404,24576,22054,29861,16830,15053,26392,93348,36202,138407,13576402,34594,2494640,12559,731262,18240,71046,5003,4001,27887,94710,16290,62317,6073,21513,151980,4045,44645,3594,15268,49074,20925,20424,14196,4609913,32887380,3165,454696,22607,626572,18426
Lys_Comb_6,675,54,0,41,88,153,70,11,58,62,266,197,46,71,44,146,46,255,2600,118,1728,38,172,75,558,8,82,20,1140,24,207,46,73,93,54,198,1,13,68,83,129,3,912,717,19,1118,20,44,57
Leu_Comb_1,23,5,0,0,0,16,0,0,0,0,0,6,0,12,8,0,0,1,98,0,38,0,7,0,0,0,0,2,16,0,0,0,0,28,0,1,0,2,0,0,0,0,30,16,1,17,0,17,0
Gly_Comb_1,67,77,136,206,158,112,43,40,27,97,289,183,29,36,216,143,191,185,3244,95,1990,30,448,5,263,20,18,93,42,26,95,22,35,263,24,48,2,69,91,90,46,581,2914,3459,157,170,64,14007,72
Val_Comb_3,42,48,56,88,115,61,70,107,55,50,2,54,17,13,66,58,198,180,434,58,149,7,80,22,403,19,10,118,406,43,50,52,7,80,6,278,180,51,91,1,67,1,548,267,1,15,41,285,118
Gln_Comb_4,90,67,260,190,144,57,55,68,41,116,372,144,41,71,127,293,174,139,234,130,43,57,100,88,448,24,40,137,158,40,256,120,29,236,35,436,0,83,112,54,87,0,123,219,25,80,78,64,82
Ser_Comb_1,399,1006,949,632,658,722,441,936,284,966,697,205,330,298,834,689,733,462,339,574,147,134,373,991,2298,67,138,496,901,530,601,306,236,724,156,223,2,589,418,810,84,5,447,316,74,441,916,800,1261
Ser_Comb_2,0,0,0,0,0,0,0,0,0,0,0,0,0,0,0,0,0,0,0,0,1,0,0,0,0,0,0,0,0,0,0,0,0,0,0,0,0,0,0,0,0,0,0,1,0,0,0,0,0
Arg_Comb_1,41,18,1,279,106,178,16,79,30,67,108,83,36,28,34,368,58,80,2397,20,607,26,111,106,373,14,63,131,31,49,44,0,16,102,3,78,135,7,83,0,30,2576,899,1736,0,26,55,23,27
Glu_Comb_1,31,3,0,0,20,0,3,7,0,14,0,11,0,5,8,0,0,0,13,27,264,0,7,0,0,4,0,0,26,3,21,36,0,38,0,0,0,0,67,0,0,0,53,81,0,54,16,4,1
Glu_Comb_2,50,21,69,36,157,61,10,26,20,0,170,46,31,32,12,57,28,114,2955,10,1159,74,96,30,2,20,13,24,74,23,84,0,27,104,0,17,1,5,85,36,13,0,1729,1876,5,1,41,84,9
Leu_Comb_2,0,0,0,0,0,0,0,0,0,0,0,0,0,0,0,0,0,0,0,0,7,0,0,0,0,0,0,0,0,0,1,0,0,3,0,0,0,0,0,0,0,0,0,3,0,7,0,0,0
Leu_Comb_3,18,0,0,0,1,0,0,1,0,0,0,1,0,0,6,0,0,0,18,5,7,3,0,0,0,0,0,0,0,0,0,0,0,50,0,0,0,0,0,1,0,0,6,0,0,0,2,5,0
Gly_Comb_2,366,251,262,208,649,63,141,258,122,187,305,260,139,164,421,555,509,318,1715,200,1061,151,292,246,2889,47,35,241,236,172,273,34,62,1082,46,594,135,73,415,148,109,4,1649,438,35,16,120,907,86
Lys_Comb_7,369,38,55,147,52,186,58,67,63,81,169,251,42,94,73,402,72,282,107,89,79,34,95,8,253,7,97,65,596,98,84,13,82,186,26,170,0,37,76,101,104,95,91,136,48,21,45,21,25
Pro_Comb_2,0,0,0,15,0,0,0,0,0,0,0,0,0,0,22,22,0,0,134,7,185,0,16,0,0,0,0,1,0,0,0,0,0,0,0,0,0,0,21,0,0,467,62,44,0,0,0,3,0
Cys_Comb_3,24,11,0,0,0,0,5,0,10,58,98,13,1,13,46,0,12,21,42,0,6,0,11,1,0,0,0,8,82,26,0,0,0,11,0,42,0,17,0,0,10,0,50,29,0,0,0,25,0
Val_Comb_4,22,11,0,21,17,0,0,0,5,14,0,3,0,0,2,0,27,31,60,24,13,2,13,37,0,1,6,0,0,0,0,0,13,0,0,16,1,0,6,0,0,0,41,30,0,0,0,47,4
Tyr_Comb_1,211,106,495,199,201,342,174,125,127,162,571,283,180,146,196,763,200,266,434,158,76,88,187,357,524,19,60,167,494,123,145,93,44,222,58,412,201,127,101,248,224,2014,125,33,32,292,236,117,174
Ala_Comb_3,0,0,0,17,0,0,0,0,0,0,0,0,0,0,0,0,0,2,3,0,84,0,3,0,0,0,0,0,0,0,0,0,0,0,0,0,0,0,17,0,0,0,26,40,0,0,0,1,0
Leu_Comb_4,20,0,0,58,69,62,72,21,43,38,0,9,16,17,27,0,31,1,367,62,117,8,23,0,0,4,8,23,73,41,0,0,2,179,0,70,0,4,26,27,51,0,165,156,0,1,11,40,22
Lys_Comb_8,122,134,166,270,382,397,114,114,85,112,175,167,95,109,248,361,188,488,191162,234,49433,55,3984,92,262,38,47,166,206,38,213,19,135,1183,91,128,38,98,471,176,104,49,65019,15051,52,364,181,5010,160
Ile_Comb_1,0,1,0,0,0,14,5,0,0,0,0,19,0,0,0,7,6,5,4,0,8,1,3,0,0,0,8,0,8,0,0,0,0,0,0,15,0,2,1,0,6,0,2,3,0,0,0,4,0
Gly_Comb_3,7,0,0,0,0,0,1,0,2,0,0,0,0,2,0,0,0,0,15,0,9,0,1,0,0,0,0,0,0,0,0,0,1,2,0,0,0,0,0,0,0,0,7,26,0,0,0,2,0
Ile_Comb_2,8,16,0,7,5,5,10,3,2,5,0,22,7,8,19,100,6,40,17,11,7,20,12,16,42,2,0,12,14,6,2,0,15,41,11,3,0,2,20,4,11,0,22,14,3,11,25,0,8
Gly_Comb_4,6833,6563,9925,9041,20938,15134,8743,6368,19753,8243,9886,10658,6592,5137,11883,31185,8688,29756,5356548,11164,1918811,3505,141270,6810,24131,1751,1249,7254,20394,5902,17239,1484,5913,37962,2314,7726,1221,4143,13670,7498,8083,10282,2897812,627572,869,52947,6689,167746,5454
Gln_Comb_5,951,88,153,167,57,112,235,135,175,174,282,192,228,162,128,169,260,168,971,220,212,4,135,149,513,11,43,147,395,140,103,0,35,131,48,176,97,112,28,254,134,1,559,115,9,190,185,396,191
Gln_Comb_6,88,103,67,258,375,176,147,95,99,55,402,242,177,113,26,331,61,272,20957,81,448,87,362,125,298,20,20,40,245,89,206,22,103,287,52,20,0,62,307,256,115,5,3530,216,69,0,95,8,40
Asn_Comb_1,32,13,0,8,0,0,9,0,6,0,2,0,0,0,3,59,8,15,350,20,192,0,9,28,68,0,0,9,0,0,0,0,13,0,50,11,0,4,10,0,0,1,98,43,0,34,4,13,0
Arg_Comb_2,23,93,193,41,244,77,51,91,15,65,78,112,88,65,97,165,40,146,133,48,69,96,119,34,2534,21,21,65,53,57,12,8,5,113,30,73,149,15,79,69,53,151,73,26,2,0,77,30,59
Pro_Comb_3,0,0,0,0,0,0,0,0,0,0,0,0,0,0,3,0,0,0,2,0,15,0,0,0,0,0,0,0,0,0,0,0,0,0,0,0,0,0,0,0,0,0,5,7,0,0,8,2,0
Ala_Comb_4,11,7,2,59,9,2,2,13,2,11,52,1,9,6,18,14,39,27,118,4,23,9,12,1,0,0,0,5,71,0,2,23,11,0,0,3,0,3,5,0,10,0,68,27,9,0,15,45,3
Val_Comb_5,844,115,12,143,176,198,56,189,250,123,299,302,86,98,166,257,279,400,1445,133,544,50,164,127,169,13,34,322,1137,84,214,30,53,431,29,487,1,119,85,73,262,801,1160,125,25,1,124,304,67
Leu_Comb_5,2412,699,460,1465,352,1431,3854,1580,3399,1932,3085,2697,1466,865,1617,2731,4884,3155,628,1658,1359,148,1425,1446,375,46,50,2291,3554,1502,173,1466,51,520,838,6246,827,837,265,2993,2628,6877,1027,911,153,1054,1544,494,1788
Leu_Comb_6,88,20,109,77,150,38,0,36,25,10,44,34,0,3,15,112,50,11,174,28,116,7,40,12,46,3,8,20,258,1,112,10,5,137,51,47,0,20,45,51,23,424,59,30,10,67,30,16,12
Pro_Comb_4,271,142,27,558,255,362,310,434,533,545,1125,1417,198,584,826,1155,808,1881,3788,395,1155,133,483,263,775,11,102,655,765,314,174,122,26,465,224,1102,91,429,195,248,409,5816,1346,3289,77,155,340,227,179
Pro_Comb_5,3,0,0,0,9,0,0,0,0,13,0,0,0,3,6,0,0,0,5,10,8,0,1,0,0,0,0,0,0,4,11,0,0,13,0,5,0,7,17,0,4,0,2,0,0,0,0,1,0
Met_Comb_1,4,0,0,0,1,0,0,0,0,0,0,0,0,0,5,0,1,4,6,0,1,0,2,0,0,0,0,0,0,0,0,0,0,9,0,0,0,0,0,0,0,0,0,1,0,0,0,0,0
Val_Comb_6,4,10,0,7,24,0,1,0,6,0,4,10,1,0,9,35,34,23,9,7,9,1,9,1,4,0,8,16,0,1,0,0,0,29,0,17,0,4,16,9,12,0,17,39,0,0,2,65,1
Arg_Comb_3,54,38,56,98,111,15,34,21,21,8,63,67,4,36,42,85,29,47,32,52,11,26,34,0,231,8,3,19,30,7,36,33,14,38,21,32,0,4,14,53,22,803,23,13,2,0,60,6,16
Lys_Comb_9,20,11,0,52,23,7,12,0,4,10,151,6,10,0,67,34,44,6,41,17,108,3,14,1,0,0,0,24,0,0,26,0,1,35,22,17,0,40,2,1,19,0,22,1,0,24,9,8,30
Ile_Comb_3,24,7,0,5,0,0,26,27,6,2,0,68,2,16,32,35,27,11,356,23,71,1,32,51,0,0,0,24,65,9,0,1,0,0,9,25,173,22,0,0,43,0,341,70,0,0,0,31,3
Gln_Comb_7,483,220,113,281,278,225,155,227,282,212,400,804,102,238,367,611,556,529,449,151,132,82,234,204,1282,29,29,387,385,270,85,29,38,400,57,1083,193,200,206,332,323,294,407,101,19,0,184,42,206
Gln_Comb_8,18,15,0,7,0,21,8,0,4,16,0,17,6,12,6,9,3,26,3,9,5,0,7,0,0,5,0,21,20,0,0,0,1,0,0,7,0,25,0,0,41,0,1,1,0,0,19,3,4
Arg_Comb_4,0,0,0,0,0,0,0,4,0,0,0,0,0,0,3,0,0,0,1,0,3,0,1,0,0,2,0,0,0,0,0,0,0,11,0,0,0,0,0,0,0,0,3,6,0,0,0,0,0
Thr_Comb_1,6,20,0,32,15,17,8,18,5,6,105,5,6,0,13,23,12,10,42,8,25,13,7,0,225,2,3,4,32,4,0,0,10,0,23,4,0,1,0,0,1,0,68,36,0,190,0,128,3
Ile_Comb_4,0,0,0,4,0,0,0,0,0,0,0,0,0,0,0,0,0,0,11,0,6,5,0,0,0,0,0,0,0,0,13,0,2,23,0,0,0,0,1,0,0,0,4,7,0,0,0,0,0
Ile_Comb_5,0,0,0,0,0,0,0,0,0,0,0,0,0,0,0,0,0,0,3,0,0,0,0,0,0,0,0,0,0,0,0,0,0,0,0,0,0,0,0,0,0,0,0,1,0,0,0,0,0
Lys_Comb_10,1,4,0,5,15,9,13,10,3,5,14,30,9,4,6,21,5,24,0,7,20,1,12,3,39,3,8,5,12,4,4,4,5,25,0,10,0,1,21,4,5,0,0,4,0,0,3,0,3
Thr_Comb_2,68,14,0,140,1,76,59,5,74,65,285,253,57,14,63,60,155,178,43,91,17,0,50,44,0,1,0,98,52,12,1,49,0,1,11,205,0,109,0,14,193,1574,39,5,22,0,74,1,26
Arg_Comb_5,7,4,0,0,0,17,0,0,0,3,0,0,0,0,1,11,0,6,19,6,0,3,0,0,0,8,2,0,0,0,6,0,0,0,0,0,0,6,11,0,0,0,1,2,0,0,0,1,0
Tyr_Comb_2,0,1,0,1,0,3,0,0,0,3,0,12,0,0,0,2,0,0,0,0,0,3,0,0,0,0,3,0,0,0,1,17,4,0,0,0,0,0,0,0,0,0,0,0,0,0,1,0,0
Tyr_Comb_3,11,0,0,0,0,0,6,0,0,1,0,14,1,0,7,0,10,14,11,1,9,0,6,0,0,0,25,0,2,0,0,35,0,0,0,32,0,7,6,1,0,0,9,5,0,0,0,1,0
Gly_Asp_Comb_1,25,0,1,37,4,10,3,7,5,16,3,9,0,0,19,23,18,9,872,7,252,9,23,0,0,1,6,9,6,0,16,0,7,18,0,4,0,4,5,17,12,1,186,151,0,0,10,247,6
Thr_Comb_3,17,0,0,1,0,30,0,14,0,1,0,0,0,1,0,0,0,0,75,11,263,0,5,0,0,1,7,0,1,25,0,0,0,0,0,0,0,0,0,0,21,0,139,33,0,28,0,0,0
Gly_Comb_5,24,6,2,2,0,2,1,2,0,5,2,3,3,3,5,96,12,20,12812,3,375,3,220,1,3,0,0,9,1,1,15,1,1,0,0,93,1,2,1,1,2,4,1275,2549,1,1,3,317,17
Ser_Comb_3,2,11,0,30,15,15,21,0,5,0,10,5,14,0,15,37,13,1,22,17,5,7,8,7,0,0,18,1,0,8,9,2,3,20,4,6,0,5,5,20,0,0,12,2,5,11,0,21,0
Val_Comb_7,42,10,0,42,52,0,2,3,4,0,1,0,0,12,10,3,39,39,53,31,56,0,10,0,1,0,17,22,51,0,12,5,0,26,0,35,33,2,12,0,0,0,45,1,0,0,18,35,9
Trp_Comb_1,23,14,0,0,5,5,6,0,0,0,0,8,0,6,9,23,0,13,7,0,19,17,3,0,72,2,0,6,28,1,0,0,0,0,0,2,0,1,2,0,8,0,4,5,1,0,0,10,11
Gly_Comb_6,14,0,0,0,0,0,0,0,1,0,0,0,0,0,0,0,0,0,56,0,21,0,5,0,0,0,0,0,0,0,0,0,0,0,0,0,0,0,0,0,0,0,12,50,0,0,0,2,0
Arg_Comb_6,1,1,0,0,15,1,0,37,17,23,3,3,2,0,0,54,6,29,1830,0,43,0,36,1,0,0,2,10,24,0,3,0,18,0,0,1,0,3,29,1,4,2,31,697,0,0,2,7,29
Met_Comb_2,0,0,0,0,0,0,0,0,0,0,0,0,0,0,0,0,0,0,5,0,0,0,0,36,0,0,0,0,0,0,0,0,0,6,0,0,0,7,0,0,0,0,4,0,0,0,0,0,0
Asp_Comb_1,147,46,1,116,348,86,82,94,16,59,5,84,97,48,117,481,40,121,7959,57,374,54,220,36,354,41,14,107,127,26,176,14,61,444,0,52,0,56,137,25,213,3,1534,6114,13,200,86,68,84
Arg_Comb_7,8,0,1,0,0,0,0,2,14,1,1,0,0,1,10,24,0,0,2621,0,198,1,50,0,0,0,2,0,32,0,5,0,0,79,0,1,0,1,0,0,1,0,743,67,0,1,0,19,3
Ala_Comb_5,57,0,0,0,0,19,0,9,18,5,0,13,0,0,12,2,14,9,25,0,102,12,2,0,0,0,1,5,40,0,21,0,0,0,0,4,0,0,15,0,0,0,42,21,0,0,1,5,0
Val_Comb_8,18,24,1,35,0,30,19,22,29,3,0,29,16,0,16,11,10,20,596,0,41,1,22,1,0,3,0,28,80,49,0,0,0,0,0,17,0,10,14,21,22,0,108,242,0,0,25,28,10
Ser_Comb_4,188,27,19,54,153,95,35,12,30,16,11,43,30,4,26,138,52,94,194,102,173,45,47,15,46,10,34,16,36,8,65,57,10,143,27,34,73,25,55,81,42,0,107,315,7,53,37,17,28
Leu_Met_Comb_1,24,13,0,44,9,0,16,10,54,8,30,81,7,32,108,73,136,181,29,41,12,9,29,0,0,5,4,70,61,1,14,0,7,0,0,113,2,39,0,0,37,0,30,4,1,0,9,15,15
Glu_Comb_3,1951,3459,5118,5001,16624,9772,2726,2611,5162,3714,7987,4387,2591,2152,5535,14167,3008,11474,2163201,5760,131706,3718,45200,3483,14378,3363,705,2803,8529,2941,8402,945,3418,27843,1528,2437,718,1502,10713,3949,3848,10999,644835,635389,465,12694,2648,47812,2087
Gly_Comb_7,15,31,10,99,82,86,21,24,14,28,91,93,32,28,78,140,109,124,271,65,583,34,141,22,78,10,22,38,35,25,16,9,10,144,7,28,7,27,73,32,36,215,862,697,5,13,45,3603,19
Arg_Comb_8,61,23,0,24,65,25,0,33,10,1,42,28,0,0,18,62,9,17,194,0,111,5,13,48,0,2,6,15,0,1,9,0,0,122,0,0,0,1,0,1,32,0,110,47,0,125,17,2,17
Gln_Comb_9,4,13,0,19,29,23,10,0,1,41,1,45,0,23,29,60,16,18,125,10,105,25,19,0,143,7,4,33,223,28,14,23,0,70,0,36,1,22,34,49,29,0,146,31,0,0,37,45,0
Arg_Comb_9,123,89,0,205,105,6,25,43,27,26,105,254,30,45,44,157,107,82,1642,49,1179,43,99,53,410,6,10,183,67,43,25,1,8,263,3,96,0,19,48,40,45,1,751,111,10,1,83,195,46
Arg_Comb_10,41,18,4,15,122,71,12,16,38,11,6,63,16,26,49,41,24,48,29231,17,370,52,388,7,1022,38,7,8,100,62,45,0,21,176,21,8,1,14,87,44,76,7,1483,1241,2,1,18,43,43
Arg_Comb_11,18,4,0,63,29,26,0,20,0,4,89,15,11,0,10,32,9,10,114,7,20,0,12,0,145,0,0,4,38,25,7,0,0,27,0,25,0,2,0,36,9,0,85,9,0,0,9,19,1
Asp_Comb_2,9,0,0,12,0,0,16,0,0,0,0,0,0,0,10,14,21,6,56,2,43,6,5,2,1,0,11,0,0,5,20,2,0,32,0,6,0,0,8,0,0,0,80,64,3,0,8,38,0
Glu_Comb_4,94,23,98,94,9,129,11,1,3,32,87,6,8,14,22,29,24,22,97,25,208,23,39,39,0,2,7,30,32,8,10,18,31,26,18,2,0,6,18,83,1,1041,93,50,0,0,17,74,23
Gly_Comb_8,124,21,0,123,120,62,9,25,8,17,160,33,25,22,42,201,64,123,6849,44,674,58,163,26,159,6,2,20,76,53,68,0,13,125,0,4,1,7,102,49,12,4,2950,1612,2,0,36,59,15
Glu_Comb_5,8,1,0,0,0,0,0,0,0,0,0,0,0,1,0,0,4,0,0,0,30,0,5,0,0,0,0,0,0,0,0,0,2,8,8,0,0,1,0,0,0,0,3,7,0,0,1,0,0
Arg_Comb_12,0,0,0,0,0,0,0,0,0,0,0,0,0,0,0,14,0,0,28,0,10,0,0,0,0,0,0,0,0,0,0,0,0,0,0,0,0,0,0,0,0,0,10,0,0,0,1,8,0
Lys_Comb_11,9,0,0,0,36,34,16,0,7,9,0,26,0,20,5,0,18,18,107,0,39,0,7,0,0,0,0,8,0,0,6,0,0,0,0,0,0,0,11,0,11,0,63,0,0,0,7,9,0
Gly_Comb_9,31,6,2,19,20,12,6,20,14,18,39,40,10,10,24,17,18,35,4851,22,2826,5,182,14,186,1,5,4,9,1,4,19,3,38,11,11,5,9,36,6,3,10,3764,282,13,75,17,321,9
Phe_Comb_1,9,0,0,0,0,0,0,0,0,0,0,0,0,0,0,0,0,0,1,0,2,2,0,0,0,0,0,0,0,0,0,0,0,0,5,0,0,0,0,0,0,0,1,1,0,0,0,0,0
Val_Comb_9,150,12,0,3,24,2,16,15,17,1,2,28,38,10,13,49,31,31,4677,1,1100,13,133,4,1,3,11,12,67,2,5,16,4,2,0,0,0,1,18,1,31,2,1083,2941,3,57,3,148,2
Asp_Comb_3,109,48,88,120,218,178,17,32,25,14,200,42,27,54,43,457,62,66,5977,69,2494,65,251,3,0,31,24,17,104,33,79,1,33,215,8,13,1,4,210,12,57,5,1981,6748,3,259,61,58,31
Glu_Comb_6,0,2,0,0,0,0,0,0,0,0,0,0,0,0,0,0,0,0,3,0,11,0,0,0,0,0,0,0,0,0,0,0,0,0,0,0,0,0,0,0,0,0,1,0,0,0,0,2,0
Leu_Comb_7,0,0,0,0,0,0,0,5,1,5,0,0,0,0,0,1,1,0,16,0,8,0,3,0,0,2,0,2,0,0,1,23,0,0,1,0,0,1,1,0,0,0,10,15,0,0,14,9,0
Asn_Comb_2,2,1,19,15,12,0,3,4,7,5,3,4,6,0,3,17,0,8,8,4,7,13,7,8,109,3,3,3,6,0,10,41,4,22,7,2,27,18,18,8,11,0,19,3,5,0,8,8,2
Asn_Comb_3,0,0,0,0,0,0,0,0,0,0,0,1,0,2,5,2,0,0,8,0,4,6,1,0,0,0,0,0,0,0,0,4,0,0,0,0,0,3,0,0,5,0,1,0,0,0,0,0,0
Thr_Comb_4,25,35,94,112,241,65,20,9,19,19,87,18,34,32,33,96,44,60,93,34,19,66,36,30,370,45,47,14,53,24,88,132,59,366,1,25,2,10,99,36,11,1,79,145,62,36,50,9,30
Leu_Comb_8,24,216,138,296,586,538,18,85,69,246,338,71,105,78,302,380,128,158,747,237,205,348,186,132,618,97,224,177,208,126,1183,262,135,765,65,185,0,134,509,106,12,524,550,386,116,52,137,749,150
Thr_Comb_5,36,15,0,45,13,29,6,3,46,24,1,40,17,6,29,55,18,42,92,12,26,0,4,0,76,1,3,15,0,26,19,0,0,0,0,78,0,17,11,0,0,0,37,3,0,0,0,4,8
Trp_Comb_2,9,5,0,12,29,13,7,5,7,3,8,10,0,10,30,18,6,9,42,13,2,4,10,0,35,0,8,28,52,4,17,0,4,64,6,27,60,9,27,0,20,0,56,10,0,0,7,11,5
Leu_Comb_9,33,0,0,0,6,0,0,9,0,0,0,0,0,0,4,0,0,8,15,0,37,5,0,0,0,0,5,8,0,0,9,0,0,0,0,7,0,0,0,0,0,0,17,0,0,0,0,5,0
Cys_Comb_4,0,0,0,0,0,0,0,0,0,0,1,0,0,0,0,0,1,0,3,0,0,0,0,0,0,0,0,0,0,0,0,0,0,0,0,0,0,0,0,0,0,0,3,1,0,0,0,0,0
Gly_Comb_10,69,2,0,0,13,26,14,10,0,2,0,0,1,5,18,6,17,17,65,2,51,0,8,0,0,0,0,7,0,0,11,0,0,12,0,0,0,1,6,0,1,0,41,22,0,0,0,18,0
Gln_Comb_10,0,0,0,8,22,0,0,0,0,5,0,16,0,1,0,0,0,2,61,2,19,1,2,0,0,0,0,14,11,0,0,0,14,0,0,5,0,0,0,0,15,0,27,18,0,0,0,8,4
Leu_Comb_10,56,13,0,6,27,0,0,11,22,20,24,12,0,3,11,8,19,7,400,16,87,0,13,0,0,3,0,23,25,3,0,0,9,4,0,20,0,2,28,0,1,86,132,46,2,43,18,15,4
SeC_Comb_1,125,45,137,156,97,55,34,521,55,112,439,243,41,25,130,123,147,119,12483,24,298,38,254,172,222,0,1,592,118,49,32,2,4,199,42,247,0,23,58,88,288,2,1073,1254,17,1,55,123,33
Leu_Comb_11,8,4,1,18,98,14,11,2,5,7,16,7,2,7,30,36,7,35,1426,17,178,20,49,0,38,8,0,7,4,4,0,3,6,50,1,1,0,6,52,0,0,0,455,289,3,1,15,322,17
Leu_Comb_12,132,1,109,0,19,10,14,0,13,0,138,9,0,6,0,70,3,107,19,17,26,11,10,0,86,0,10,3,122,6,23,31,21,19,0,18,0,0,0,4,8,0,17,1,1,0,6,0,0
Met_Comb_3,57,19,92,69,190,160,82,64,44,37,127,82,60,18,11,82,32,196,11814,30,1336,23,364,96,394,7,3,30,251,72,136,40,19,117,11,60,4,30,49,88,40,3,1925,9956,4,0,35,27,10
Val_Comb_10,70,66,1,127,276,140,52,46,27,39,193,88,27,28,173,324,38,156,50,39,76,111,41,64,109,42,10,58,100,70,73,12,0,309,32,17,0,26,99,81,48,2,104,173,0,57,49,16,39
Trp_Comb_3,13,12,0,23,18,63,15,0,34,1,79,38,0,0,0,40,3,36,153,1,87,13,10,57,197,10,14,0,33,23,18,19,0,29,0,0,0,5,0,6,0,0,108,207,0,0,0,7,9
Glu_Comb_7,80,9,0,24,162,63,21,19,0,0,255,34,23,4,25,116,38,80,90,6,126,19,40,1,353,16,3,6,0,2,12,0,10,130,26,52,0,15,117,30,12,417,196,493,8,165,18,54,2
Asp_Comb_4,94,25,2,13,109,56,9,42,29,25,203,59,19,20,18,69,38,94,206,26,201,25,70,27,140,28,22,8,175,54,35,25,19,221,41,14,2,20,137,12,81,0,200,1880,4,294,26,53,15
Met_Leu_Comb_1,0,0,0,0,0,0,0,0,0,0,0,0,0,0,5,5,0,9,9,0,24,0,0,0,0,0,0,0,0,0,0,0,0,0,0,0,0,0,0,0,0,0,11,0,0,0,9,0,7
Asn_Comb_4,66,0,0,0,0,0,26,7,0,15,123,0,5,0,6,24,27,23,77,13,40,0,6,0,0,0,0,5,1,0,0,0,0,0,0,22,0,1,15,0,16,0,96,6,0,0,0,29,19
Trp_Comb_4,30,17,171,56,88,33,16,32,11,30,64,54,10,30,44,93,32,37,20,37,22,10,36,0,32,6,26,52,66,3,139,29,18,79,1,128,0,24,33,52,40,2,45,57,18,143,16,91,10
Ser_Comb_5,0,0,0,0,0,0,0,0,0,0,0,0,0,0,0,0,0,0,34,0,2,0,0,0,0,0,0,0,0,0,0,0,0,0,0,0,0,0,0,0,0,0,2,0,0,0,0,0,0
iMet_Comb_1,785,72,1,193,57,162,194,77,188,104,676,178,112,62,192,439,190,166,273,162,188,9,154,306,38,2,62,173,484,191,99,0,28,67,37,362,124,109,49,174,262,1374,136,17,3,40,205,89,125
Tyr_Comb_4,328,13,106,108,47,223,70,37,92,42,289,40,37,72,32,227,12,302,181,39,3759,39,196,87,1,12,43,15,1168,80,137,110,48,113,15,242,1,25,107,121,100,2,206,92,7,5616,46,7,111
Asp_Comb_5,3,2,0,0,1,0,7,0,0,0,8,0,15,0,0,0,4,1,23,0,9,0,1,0,0,0,7,0,1,10,6,0,0,0,0,0,0,0,0,0,0,0,8,0,0,0,0,3,13
Tyr_Comb_5,4,1,0,0,0,0,5,0,0,0,0,0,0,0,5,0,8,0,38,1,9,0,2,0,164,0,5,0,0,0,20,0,7,0,0,0,0,8,0,0,0,0,18,0,0,0,0,1,1
Cys_Comb_5,7,19,1,19,21,32,6,8,6,6,40,15,2,4,14,83,15,24,122,12,29,27,17,4,38,6,14,17,13,27,25,4,11,108,3,14,38,12,29,11,6,1,57,72,6,0,31,95,4
Glu_Comb_8,31,3,0,0,6,0,11,6,0,0,0,8,0,12,7,0,13,7,73,20,53,4,9,0,0,0,0,1,0,0,4,0,0,25,1,14,0,16,0,0,0,0,81,99,3,7,0,10,13
Gly_Comb_11,0,0,0,0,0,0,0,0,0,0,0,0,0,0,0,0,0,0,2,0,0,0,0,0,0,0,0,0,0,0,0,0,0,0,0,0,0,0,0,0,0,0,0,0,0,0,0,0,0
Asn_Comb_5,77,0,0,0,0,0,0,4,0,0,0,0,0,0,1,0,6,0,8,3,328,0,6,0,0,1,0,0,0,0,0,0,0,44,0,0,0,0,0,0,0,0,1,25,0,11,0,1,0
Val_Comb_11,3,0,0,0,28,0,0,0,0,0,0,0,0,0,0,0,0,2,67,0,7,0,0,0,0,0,0,0,0,0,0,0,0,4,0,0,0,0,0,0,0,0,0,47,0,0,0,6,0
Phe_Comb_2,4,7,0,0,0,0,2,0,0,13,0,0,0,0,1,0,0,5,48,0,0,0,2,0,0,5,8,0,0,3,4,0,8,0,0,0,0,0,0,0,3,0,15,0,0,0,0,8,0
Lys_Comb_12,28,1,0,0,0,0,1,0,0,14,0,1,0,0,0,0,0,8,358,17,199,21,13,0,0,0,0,3,42,0,10,0,10,6,0,0,0,2,0,26,20,0,49,87,6,63,0,9,0
Met_Comb_4,39,21,0,23,5,1,30,12,10,3,0,0,0,1,9,0,13,27,358,0,67,19,10,1,52,2,13,9,0,11,14,18,1,0,1,0,0,3,0,8,32,0,121,8,0,0,5,30,0
Lys_Comb_13,19,8,0,5,16,37,3,9,2,23,0,1,11,0,6,0,0,1,42,0,3,0,0,0,0,0,0,9,0,0,0,0,0,0,0,0,0,10,14,15,2,0,5,2,0,0,7,12,3
Gly_Comb_12,32,8,0,32,2,0,2,13,0,0,1,12,1,13,8,0,22,33,407,17,97,0,12,0,0,0,0,0,22,8,18,0,0,0,0,0,0,6,32,0,5,0,206,22,0,0,5,128,0
Glu_Comb_9,57,14,2,57,34,54,19,21,31,35,53,70,22,7,119,42,78,99,407,13,260,18,53,10,178,6,7,48,83,8,71,49,9,133,21,68,0,22,37,24,17,175,341,297,16,23,62,215,12
Arg_Comb_13,9,0,0,10,0,0,0,18,17,1,0,0,0,14,0,46,0,12,266,0,113,0,13,0,1,2,2,0,0,7,0,0,0,54,0,0,0,0,1,1,0,0,57,75,0,0,1,2,0
Glu_Comb_10,22,0,0,36,0,0,7,15,0,0,0,1,0,2,6,0,22,10,54,1,48,0,1,0,0,0,0,0,0,0,14,0,0,0,0,0,0,0,0,27,7,0,103,43,0,0,1,48,1
Thr_Comb_6,0,7,0,0,31,0,0,0,0,0,0,0,0,0,0,0,0,0,52,0,26,0,1,0,0,0,0,0,0,0,0,0,0,0,0,0,0,0,0,0,0,0,12,2,0,0,0,2,0
Lys_Comb_14,1,0,0,0,0,0,0,0,0,0,0,0,0,0,0,0,0,0,78,1,4,0,1,0,0,0,0,2,0,0,0,0,0,0,0,0,0,0,0,0,4,0,0,0,0,0,0,1,0
Glu_Comb_11,590,589,149,739,1654,1688,537,412,918,791,852,894,285,431,853,2325,507,1500,110633,589,14577,294,2385,649,1319,334,143,539,1342,444,793,127,242,2370,196,405,454,242,1009,662,1019,633,21341,20310,127,1725,570,4406,288
Met_Comb_5,14,12,0,0,0,0,0,0,0,0,0,0,0,5,11,2,0,0,10,0,5,0,1,0,0,0,0,1,0,0,0,0,0,0,0,0,0,0,0,0,6,0,0,0,0,0,0,0,0
Trp_Comb_5,3,6,0,0,0,0,2,0,0,1,30,6,0,0,0,19,0,0,4,0,4,0,1,0,0,0,0,0,0,17,0,0,0,0,0,0,0,0,0,0,0,0,8,0,0,0,0,3,0
SeC_Comb_2,229,2,38,16,16,0,15,2,211,20,3,29,1,7,2,48,47,69,727,9,28,0,41,12,69,0,0,81,23,18,0,25,2,26,3,17,41,8,14,1,33,143,64,4,0,0,9,4,5
Phe_Comb_3,0,0,0,0,0,0,0,0,0,5,0,0,1,0,0,0,0,0,60,0,30,0,0,0,0,0,0,0,0,0,0,1,0,0,0,0,0,0,0,0,0,0,23,27,0,0,0,5,0
Phe_Comb_4,7,1,0,1,0,28,0,19,0,0,0,33,0,0,0,26,0,0,125,0,13,0,5,0,0,0,0,4,0,0,12,0,17,26,0,0,0,0,11,0,0,2,43,30,0,0,0,12,9
Phe_Comb_5,66,19,148,84,322,191,30,64,51,130,207,286,27,66,249,60,22,125,10279,127,1355,84,287,60,1241,9,2,22,44,131,61,0,20,518,46,34,172,23,186,137,92,4,183,1519,0,78,204,340,71
Phe_Comb_6,2,1,24,0,0,0,0,0,4,1,0,12,0,0,7,0,0,5,1802,4,29,0,26,0,1,0,0,3,1,1,2,1,2,0,0,2,0,0,34,1,5,0,26,309,0,0,5,10,11
Phe_Comb_7,0,2,0,0,0,0,0,3,0,1,2,0,0,0,11,0,3,17,2515,20,53,0,22,1,1,0,0,0,0,0,0,0,0,0,0,0,3,0,0,1,0,0,3,27,0,0,0,3,0
Phe_Comb_8,0,0,0,0,0,0,0,0,0,0,0,0,0,0,5,12,0,0,54,3,62,12,5,0,0,0,0,0,0,0,0,0,0,28,0,0,0,0,0,0,0,0,59,2,0,0,1,5,15
Phe_Comb_9,0,0,0,0,0,0,0,0,0,0,0,0,0,0,0,0,0,0,53,1,0,0,0,0,0,0,0,0,0,0,0,0,1,0,0,0,0,0,2,0,0,0,10,67,0,0,0,5,0
Leu_Comb_13,1,1,46,2,14,0,7,0,0,4,0,0,8,4,6,2,3,0,8,0,10,10,3,0,26,7,3,2,10,0,22,4,6,8,11,0,0,0,12,0,0,0,5,6,0,0,5,1,7
Trp_Comb_6,4,0,0,0,19,0,1,0,16,16,0,8,0,0,27,18,0,9,42,0,3,29,11,1,0,16,0,0,0,0,13,0,0,0,0,0,0,5,0,0,0,0,29,33,0,0,13,8,18
Trp_Comb_7,0,0,0,0,0,0,0,0,0,0,0,0,0,0,0,1,0,0,158,0,44,0,1,0,0,0,0,0,0,0,0,0,0,0,0,0,0,1,0,0,0,0,20,2,0,21,0,1,0
Trp_Comb_8,0,0,0,0,0,0,0,0,0,0,0,0,0,0,0,0,0,0,7,0,0,0,0,0,0,0,0,0,0,0,0,0,0,0,0,0,0,0,0,0,0,0,0,0,0,0,0,0,0
Trp_Comb_9,2,0,0,2,5,0,0,0,0,0,0,0,5,0,0,0,0,0,23,0,1,0,1,0,0,0,0,1,0,0,0,0,0,3,0,0,0,0,6,0,0,0,3,16,0,0,0,0,0
Val_Comb_12,0,0,0,0,0,0,0,0,0,0,0,0,0,0,19,0,0,9,24,0,148,0,5,0,0,0,0,0,0,9,0,0,0,0,0,0,0,0,0,0,0,0,7,8,0,0,0,0,0
Val_Comb_13,0,0,0,0,0,0,0,0,0,0,0,0,0,0,0,0,0,0,7,0,0,0,0,0,0,0,0,0,0,0,0,0,0,0,0,0,0,0,0,0,0,0,0,0,0,0,0,0,0
Gly_Comb_13,16,85,2,208,64,158,43,65,117,101,294,271,7,49,159,89,270,153,1579,42,1886,6,207,2,303,2,17,94,120,2,32,31,24,79,12,107,3,153,66,80,156,6,2720,400,2,1,195,2011,33
Gly_Comb_14,1,0,0,0,1,0,0,0,0,0,0,0,0,1,0,1,0,0,0,0,2,0,0,0,0,0,0,0,1,2,1,0,0,0,0,0,0,0,0,0,0,0,0,2,1,0,0,0,0
Glu_Comb_12,10,32,13,30,42,29,20,35,15,21,12,18,14,13,34,14,23,23,78,20,74,17,39,20,41,12,10,17,16,21,16,3,1,35,3,11,2,22,22,16,13,18,54,31,5,3,26,92,24
Glu_Comb_13,3,0,0,0,8,0,0,0,1,4,0,0,0,0,0,0,0,6,0,0,6,13,1,0,0,0,0,0,0,5,0,5,0,0,0,0,0,0,0,0,0,0,2,0,0,0,0,0,0
Glu_Comb_14,41,25,1,46,120,2,17,33,45,68,7,75,2,13,260,97,294,141,4360,69,2322,47,239,55,296,1,13,51,18,59,74,89,34,202,29,25,2,16,41,1,56,2,4894,937,19,0,88,3139,15
Glu_Comb_15,42,96,0,170,59,139,25,45,42,79,146,33,62,37,74,147,123,127,187,36,126,8,30,72,181,1,0,34,60,60,37,31,0,0,35,94,85,35,29,24,90,3,90,87,1,0,77,62,62
Glu_Comb_16,9,21,0,44,0,70,25,35,92,93,138,26,3,28,390,89,167,124,1424,62,409,2,90,0,77,11,1,82,82,46,12,17,10,134,1,52,0,14,55,45,42,1,960,1151,1,1,113,1156,16
Val_Comb_14,0,0,0,0,0,0,0,0,0,0,0,0,0,0,0,0,0,0,0,0,0,0,0,0,0,0,0,0,0,0,0,0,0,0,0,0,0,0,0,0,0,0,0,0,0,0,0,0,0
Val_Comb_15,0,0,0,0,0,0,0,0,0,0,0,0,0,0,0,0,0,0,0,0,0,0,0,0,0,0,0,0,0,0,0,0,0,0,0,0,0,0,0,0,0,0,0,0,0,0,0,0,0
Trp_Comb_10,15,18,0,70,117,32,54,3,56,7,92,121,28,9,22,115,22,64,75,0,120,0,29,30,0,0,13,36,1,61,30,0,8,200,14,159,128,4,33,0,29,0,191,469,0,48,0,10,15
Gln_Comb_11,0,0,0,0,0,0,0,0,0,0,1,0,0,0,0,0,0,0,0,0,1,0,0,0,0,0,0,0,0,0,0,0,0,0,0,0,0,0,1,0,0,0,0,0,0,0,0,0,0
Gln_Comb_12,16,19,0,22,16,1,70,21,25,26,1,16,0,0,14,139,21,14,106,1,14,0,10,0,2,0,2,1,282,38,0,0,0,0,0,112,0,4,8,100,28,0,34,4,1,0,31,3,6
Ala_Comb_6,0,0,0,0,0,0,0,0,0,0,0,0,0,0,0,0,0,0,0,0,0,0,0,0,0,0,0,0,0,0,0,0,0,0,0,0,0,0,0,0,0,0,0,0,0,0,0,0,0
Arg_Comb_14,0,0,0,0,0,0,0,0,0,0,0,0,0,0,0,0,0,0,0,0,8,0,0,0,0,0,0,0,0,0,0,0,0,0,0,0,0,0,0,0,0,0,25,0,0,0,0,0,0
Arg_Comb_15,0,0,0,0,0,0,0,0,0,0,0,0,0,0,0,0,0,0,0,0,2,0,0,0,0,0,0,0,0,0,0,0,0,0,0,0,0,0,0,0,0,0,2,0,0,0,0,0,0
Cys_Comb_6,0,0,0,0,0,0,0,0,0,0,0,0,0,0,0,0,0,0,4,0,6,0,0,0,0,0,0,0,0,0,0,0,0,0,0,0,0,0,0,0,0,0,8,0,0,0,0,0,0
Arg_Comb_16,79,11,3,23,1,49,3,12,34,4,68,13,2,5,19,52,34,31,19063,15,735,0,339,3,181,10,4,24,41,4,19,6,21,35,0,27,2,2,5,29,9,5,5788,502,1,875,34,80,11
Arg_Comb_17,121,102,221,144,522,46,119,128,17,72,154,116,45,95,58,220,108,75,137,21,20,67,91,79,1650,44,9,95,271,73,25,33,4,374,81,29,0,95,230,70,85,2,68,15,6,0,48,6,51
Arg_Comb_18,0,16,36,42,147,0,15,7,6,2,0,11,17,0,27,0,10,4,12,8,4,25,9,0,272,2,8,5,40,0,15,16,9,170,12,0,0,3,11,18,15,0,9,7,5,0,32,9,12
Arg_Comb_19,0,21,149,4,16,0,0,0,4,1,0,15,0,4,4,0,14,2,0,12,3,13,2,0,0,0,0,11,0,4,0,0,0,17,0,0,0,1,3,4,0,0,1,0,0,0,0,0,0
Arg_Comb_20,13,5,0,20,17,24,5,0,1,8,0,35,0,3,8,49,8,6,36,22,5,2,13,0,117,0,0,8,0,9,5,1,0,29,0,13,0,4,27,0,0,1,31,42,0,33,0,30,2
Asp_Comb_6,0,0,0,0,0,0,0,0,0,0,0,0,0,0,0,0,0,0,0,0,0,0,0,0,0,0,0,0,0,0,0,0,0,0,0,0,0,0,0,0,0,0,0,0,0,0,0,0,0
Asp_Comb_7,0,0,0,0,0,0,5,0,0,0,0,0,0,0,0,13,0,0,5,0,7,0,0,0,0,0,0,0,0,0,0,0,0,0,0,0,0,0,0,0,0,0,4,14,0,0,0,13,0
Asp_Comb_8,0,0,0,0,0,0,0,0,0,0,0,0,0,0,0,0,0,0,0,11,0,0,1,0,0,0,0,4,0,0,0,0,0,0,0,0,0,0,0,0,0,0,0,0,0,0,0,0,0
Val_Comb_16,2,0,31,0,14,1,0,0,0,0,0,0,0,0,12,3,0,7,0,0,2,4,3,0,16,2,10,2,0,1,8,8,0,28,0,0,0,0,4,0,1,0,0,0,0,0,0,0,0
Arg_Comb_21,30,10,115,133,350,202,3,24,21,20,221,59,21,11,5,37,30,45,1168,3,703,11,59,0,1,47,1,9,111,45,68,0,6,111,38,80,0,14,78,77,47,0,192,251,1,247,32,12,17
Arg_Comb_22,0,0,0,0,0,0,0,0,0,0,0,0,0,0,0,0,0,0,13,0,0,0,0,0,0,0,0,0,0,0,0,0,0,0,0,0,0,0,0,0,0,0,0,0,0,0,0,0,0
Pro_Comb_6,101,332,1515,740,1077,851,281,343,271,450,1312,476,289,285,686,1135,709,481,784,396,331,511,537,682,3013,174,180,636,790,348,1020,965,257,2288,184,334,137,353,963,373,205,1634,526,1036,328,604,460,546,422
Phe_Comb_10,381,50,191,236,0,71,198,82,174,27,292,360,39,61,72,378,148,274,140,52,40,0,113,220,0,10,10,50,1421,57,66,36,15,67,45,526,0,55,16,81,106,1090,34,10,8,1,44,35,75
Phe_Comb_11,0,0,0,1,0,0,0,0,0,0,0,0,0,0,0,0,0,0,9,0,0,0,0,0,0,0,0,0,46,0,0,0,0,13,0,0,0,0,0,0,0,0,2,0,0,0,0,0,0
Phe_Comb_12,40,9,0,50,90,101,16,17,32,7,136,29,17,8,38,149,42,36,200,18,55,22,43,0,200,16,6,8,69,4,63,6,13,14,18,15,0,14,57,16,34,334,121,66,1,872,38,100,33
Asn_Comb_6,170,0,0,0,8,0,3,0,12,1,16,64,16,0,4,17,0,21,43,0,34,0,6,0,0,0,1,7,8,0,1,0,0,23,0,18,0,0,0,0,30,0,39,1,0,0,10,2,1
Asn_Comb_7,0,0,0,0,0,0,0,0,0,0,0,0,0,0,1,0,0,0,18,0,10,0,1,0,0,0,0,0,0,0,0,0,4,13,0,0,0,0,0,0,0,0,3,12,0,0,1,21,0
Met_Comb_6,0,0,0,0,0,1,0,0,0,0,0,0,0,0,0,0,0,0,15,0,3,0,1,0,0,0,0,0,0,0,0,22,0,0,0,0,0,0,0,0,7,0,3,0,0,0,0,0,0
Arg_Comb_23,8,5,3,40,4,4,4,6,3,7,14,2,2,1,7,6,8,22,18346,12,2126,4,388,1,3,0,3,3,45,4,1,1,1,48,1,3,2,4,2,5,2,5,6466,3481,1,2,4,416,7
Arg_Comb_24,6,8,0,0,7,28,2,0,0,1,0,0,0,0,0,0,0,4,377,1,48,0,12,1,0,6,0,0,0,0,33,0,0,0,24,0,0,0,13,0,0,0,92,176,0,0,8,11,0
Arg_Comb_25,0,0,0,0,0,0,0,0,0,0,0,0,0,0,0,0,0,0,16,0,0,0,0,0,0,0,0,0,9,0,0,0,0,0,0,0,0,0,0,0,0,0,7,7,0,0,0,5,0
Arg_Comb_26,2,4,0,0,11,0,0,0,0,0,0,0,8,0,3,0,0,0,0,0,90,6,6,0,0,1,1,0,0,0,3,0,0,0,0,0,0,5,5,0,0,0,9,6,0,83,0,1,0
Ile_Comb_6,0,7,0,0,13,0,0,0,0,0,0,18,0,0,4,0,0,0,18,1,10,7,2,0,0,0,0,0,0,12,0,0,0,18,0,0,0,0,3,0,0,0,25,0,0,0,0,11,0
Ile_Comb_7,0,0,1,16,0,0,0,15,0,1,0,4,0,0,3,0,0,0,110,0,11,0,0,0,0,0,0,1,0,0,0,0,0,0,0,0,0,8,0,0,0,0,29,19,6,0,0,8,0
Ile_Comb_8,0,0,0,0,0,0,0,0,0,0,0,0,0,0,0,1,0,0,10,0,0,0,0,0,0,0,0,0,0,0,0,0,0,0,0,0,0,0,0,0,0,0,2,18,0,0,0,0,0
Ile_Comb_9,0,0,0,0,0,0,0,0,0,0,0,0,0,0,0,2,0,0,0,0,0,0,0,0,0,0,0,0,0,0,0,0,0,0,0,0,0,0,0,0,0,0,0,0,0,0,0,0,0
Ile_Comb_10,0,0,0,0,0,0,0,0,0,0,0,0,0,0,0,0,0,0,3,0,0,0,0,0,0,0,0,0,0,0,0,0,0,0,0,0,0,0,0,0,0,0,0,0,0,0,0,0,0
Ile_Comb_11,0,0,0,0,0,0,0,0,0,0,0,0,0,0,0,0,0,0,3,0,0,0,0,0,0,0,0,0,0,0,0,0,0,0,0,0,0,0,0,0,0,0,1,0,0,0,0,0,0
Ile_Comb_12,0,0,0,0,0,0,0,0,0,1,0,0,0,0,0,0,0,0,3,0,1,0,0,0,0,0,0,0,0,0,0,0,0,0,0,0,0,0,0,0,0,0,0,1,0,0,0,0,0
Gly_Comb_15,10,5,0,0,0,0,0,0,0,0,0,0,0,0,7,0,9,0,48,0,34,0,0,0,0,0,0,0,0,0,0,0,0,0,0,0,0,0,0,0,0,1,16,28,0,0,0,0,0
Gly_Comb_16,0,0,0,3,0,0,0,0,0,0,0,14,0,0,0,65,4,0,77,0,6,0,0,36,0,0,0,4,0,1,14,0,0,0,0,0,1,0,0,0,1,0,13,15,1,0,0,0,0
Gly_Comb_17,0,0,0,0,0,0,0,0,0,0,0,0,0,0,0,0,0,0,0,0,0,0,0,0,0,0,0,0,0,0,0,0,0,0,0,0,0,0,0,0,0,0,0,0,0,0,0,0,0
Gly_Comb_18,0,0,0,0,0,0,0,0,0,0,0,0,0,0,0,0,0,0,4,0,0,0,0,0,0,0,0,0,0,0,0,0,0,0,0,0,0,0,0,0,0,0,0,0,0,0,0,0,0
Leu_Comb_14,21,2,1,59,41,0,186,66,92,53,596,246,58,18,26,137,59,111,220,0,31,16,75,50,159,0,1,101,261,58,0,0,14,0,0,320,2,29,32,47,152,1939,135,206,0,1,2,11,36
Leu_Comb_15,10,16,20,0,1,0,10,4,1,3,0,7,3,0,17,7,2,7,59,0,16,0,7,0,0,5,14,8,0,12,48,0,11,39,0,0,0,1,31,9,12,1,29,2,0,0,6,25,0
Ile_Comb_13,0,0,0,0,0,0,0,0,0,0,0,1,0,1,0,0,0,0,3,0,0,0,0,0,0,0,0,0,0,0,0,0,0,0,0,0,0,0,0,0,3,0,4,0,0,0,0,0,0
Ile_Comb_14,28,1,136,4,46,19,3,2,20,15,3,2,14,2,19,39,16,32,121,32,9725,89,232,44,2,3,21,2,81,20,16,0,11,72,22,59,2,6,74,34,9,2,161,506,17,5331,8,11,18
Arg_Comb_27,0,0,0,0,0,0,0,0,0,0,0,0,0,0,0,0,0,9,1,0,0,0,0,0,0,0,0,0,0,0,0,0,0,0,0,0,0,0,0,0,0,0,0,0,0,0,0,0,0
Leu_Comb_16,0,0,0,0,0,0,0,0,0,0,0,0,0,0,0,0,0,0,2,0,2,0,0,0,0,0,0,0,0,0,0,0,0,0,0,0,0,0,0,0,0,0,6,0,0,0,0,0,0
Glu_Comb_17,238,12,0,67,168,21,21,101,90,35,4,123,54,48,30,117,81,103,392,2,348,125,80,67,50,42,19,79,253,48,92,25,60,115,38,61,0,39,216,75,160,1090,277,321,13,193,4,20,55
Ser_Comb_6,13,0,0,0,3,0,0,0,0,1,0,0,0,0,0,0,0,0,1,0,9,0,0,0,0,3,0,0,0,0,0,0,0,0,0,0,0,0,0,0,0,0,0,3,0,0,0,0,0
Pro_Comb_7,0,0,0,0,0,0,0,0,0,0,0,0,0,0,0,0,0,0,47,0,6,0,1,0,0,0,0,0,0,0,0,4,0,0,0,0,0,0,0,0,0,0,28,10,0,0,0,2,0
Leu_Comb_17,0,0,0,0,0,0,0,0,0,0,0,0,0,0,0,0,1,0,0,0,11,0,0,0,0,0,0,0,0,0,0,0,0,0,0,0,0,0,0,0,0,0,4,0,0,0,3,0,0
Leu_Comb_18,13,5,0,22,0,13,3,1,17,5,0,12,12,3,16,14,20,18,113,26,10,0,3,18,0,1,7,13,20,0,0,0,0,0,0,17,0,11,0,2,7,0,14,9,0,0,25,6,16
Thr_Comb_7,13,0,0,0,1,0,0,0,0,0,0,12,0,0,2,0,0,1,1,0,176,0,10,0,136,0,0,1,0,0,0,0,0,35,0,0,0,1,36,0,0,0,2,28,0,311,0,0,0
Thr_Comb_8,9,0,0,1,0,0,0,0,0,0,0,17,0,0,0,0,0,0,55,0,15,0,0,0,0,0,0,0,0,0,0,0,0,6,0,0,0,0,0,0,0,0,14,6,0,0,0,4,0
Ala_Comb_7,11,23,1,0,10,2,10,0,18,0,0,5,2,0,14,27,0,0,280,8,72,7,17,0,230,0,0,12,75,0,0,0,0,44,20,17,0,0,21,0,8,0,183,228,1,71,0,7,3
Ala_Comb_8,18,5,0,13,28,0,10,5,13,5,0,15,0,1,3,20,26,27,52,5,82,0,9,18,0,1,5,11,9,0,43,0,6,9,3,29,0,1,3,0,1,0,85,5,0,0,5,77,1
Glu_Comb_18,1,0,0,0,14,0,0,0,0,0,0,0,0,0,0,10,0,0,9,0,26,0,0,0,0,0,0,0,0,0,17,0,0,0,0,0,0,0,0,0,0,0,24,20,0,0,0,11,0
Glu_Comb_19,0,0,0,0,1,0,0,1,0,0,0,0,0,0,2,1,0,0,0,0,1,0,3,0,0,0,0,1,0,0,0,0,0,4,0,0,0,0,2,0,1,0,2,0,0,0,0,0,0
Glu_Comb_20,1,0,0,12,0,0,0,0,0,0,0,0,0,0,0,0,0,0,17,0,12,0,5,0,0,0,0,0,0,0,12,0,0,44,0,17,0,0,0,0,4,0,29,4,0,0,0,6,0
Glu_Comb_21,160,20,49,134,134,193,38,17,48,1,169,43,2,18,4,144,15,318,350,11,491,34,58,1,0,36,21,3,116,29,140,35,49,138,20,0,0,11,97,16,10,0,478,1075,26,152,9,21,1
Glu_Comb_22,0,0,0,0,0,0,0,0,0,0,0,0,0,0,0,0,0,0,39,0,5,0,0,0,0,0,0,0,0,0,0,0,0,0,0,0,0,0,0,0,0,0,49,0,0,0,0,3,0
Ser_Comb_7,0,0,0,0,0,0,0,0,0,0,0,0,0,0,0,0,0,0,0,0,0,0,0,0,0,0,0,0,0,0,0,0,0,0,0,0,0,0,0,0,0,0,1,0,0,0,0,0,0
Gln_Comb_13,0,0,0,0,0,0,0,0,0,0,0,0,0,0,0,0,0,0,2,0,0,0,0,0,0,0,0,0,0,0,0,0,0,0,0,0,0,0,0,0,0,0,0,0,0,0,0,0,0
Ile_Comb_15,0,0,0,0,0,14,0,0,0,0,0,0,0,0,0,10,2,17,17,3,5,0,2,0,0,0,12,1,19,0,0,0,0,0,0,0,0,0,2,0,0,0,12,6,0,2,0,2,0
Ile_Comb_16,429,7,0,18,26,78,0,14,15,10,18,15,0,27,0,17,0,46,23,11,55,1,10,44,0,3,1,0,44,0,0,0,4,33,0,0,0,17,0,49,0,0,1,33,3,0,0,1,1
Ile_Comb_17,9,0,0,9,0,0,1,4,4,0,0,5,0,6,3,34,9,8,3,4,0,0,7,0,0,0,0,2,11,0,0,0,0,0,3,15,0,0,0,0,2,119,3,0,1,0,0,0,0
Glu_Comb_23,26,0,0,0,0,0,0,0,0,0,0,0,0,0,0,0,0,0,11,8,54,0,2,0,0,10,1,0,0,0,0,0,1,0,0,15,0,0,20,0,0,0,37,64,1,0,0,0,0
Ser_Comb_8,14,0,0,0,0,0,0,0,0,0,0,6,0,0,0,0,0,0,9,1,11,0,0,0,0,0,0,0,0,0,0,0,0,0,0,11,0,0,0,0,0,0,7,5,0,0,0,4,0
Ser_Comb_9,6,0,0,1,0,8,0,0,0,0,0,0,0,0,0,0,0,0,21,0,71,0,6,32,0,0,0,3,0,0,14,0,3,0,0,0,0,0,0,0,0,0,26,69,0,37,0,7,0
Thr_Comb_9,30,11,41,15,11,13,4,2,2,28,13,29,14,4,23,5,2,15,283,17,6,3,15,14,190,8,0,0,25,13,6,0,4,2,5,18,0,8,22,17,22,0,22,132,6,0,8,15,7
Thr_Comb_10,0,4,0,0,9,6,0,1,0,15,0,2,0,0,37,12,0,6,195,0,23,11,11,0,75,0,0,0,0,0,2,0,0,19,0,0,0,0,2,1,0,0,50,25,0,0,0,7,1
Thr_Comb_11,9,10,1,0,45,24,0,26,6,62,0,21,20,7,120,1,13,34,689,0,203,18,22,0,0,0,15,9,0,3,8,0,29,136,0,26,0,17,25,25,10,0,179,355,2,25,15,47,82
Thr_Comb_12,0,0,0,0,0,0,0,0,9,0,0,0,0,0,2,0,0,5,31,2,10,0,0,0,0,0,0,0,0,0,0,0,0,22,0,0,0,0,0,5,0,0,17,17,0,0,6,3,0
Thr_Comb_13,0,0,0,0,0,0,0,0,0,0,0,0,0,0,0,0,0,0,0,0,0,0,0,0,0,0,0,0,0,0,0,0,0,0,0,0,0,0,0,0,0,0,0,7,0,0,0,0,0
Thr_Comb_14,0,0,0,0,0,0,0,0,0,0,0,0,0,0,0,0,0,0,0,0,0,0,0,0,0,0,0,0,0,0,0,0,0,0,0,0,0,0,0,0,0,0,0,0,0,0,0,0,0
Phe_Comb_13,0,0,0,0,0,0,0,0,0,0,0,0,0,0,0,0,1,0,0,0,0,0,0,0,0,0,1,0,0,0,0,0,0,0,0,0,0,0,0,0,0,0,0,0,0,0,0,0,0
Glu_Comb_24,0,0,0,0,0,0,0,0,0,0,0,0,0,0,0,0,0,0,10,0,1,0,0,0,0,0,0,0,0,0,0,0,0,0,0,0,0,0,0,0,0,0,10,0,0,0,0,5,0
Tyr_Comb_6,1,0,0,0,0,0,7,1,0,0,0,0,0,0,6,1,3,2,3,0,1,0,0,0,0,0,2,0,0,0,1,0,0,0,0,0,0,0,0,0,0,0,0,0,0,18,0,0,1
Gly_Comb_19,0,0,0,0,7,0,0,0,0,1,0,3,0,0,1,4,0,13,16,0,30,22,5,0,0,0,0,0,0,0,2,0,0,0,0,0,0,0,0,0,3,0,15,2,0,0,0,81,7
Gly_Comb_20,7,0,0,0,0,0,9,0,0,0,87,0,0,0,1,0,3,0,12,0,60,0,5,0,0,7,2,0,1,0,42,10,16,0,0,1,0,13,0,0,6,0,7,10,0,0,0,3,0
Gly_Comb_21,0,0,0,0,0,0,0,0,0,0,0,0,0,0,0,0,0,0,0,0,0,0,0,0,0,0,0,0,0,0,0,0,0,0,0,0,0,0,0,0,0,0,0,0,0,0,0,0,0
Val_Comb_17,0,0,0,0,0,0,0,0,0,0,0,0,0,0,0,0,0,0,0,0,0,0,0,0,0,0,0,0,0,0,0,0,0,0,0,0,0,0,0,0,0,0,0,0,0,0,0,0,0
Lys_Comb_15,0,0,0,0,0,0,0,0,0,0,0,0,0,0,0,0,0,0,3,0,3,0,0,0,0,0,0,0,0,0,0,0,0,0,0,0,0,0,0,0,0,0,6,0,0,0,0,0,0
Lys_Comb_16,25,6,9,4,25,21,12,5,4,8,67,5,0,3,11,34,12,43,18,8,21,1,8,0,78,8,12,12,27,16,12,8,2,36,0,11,0,4,6,5,4,90,10,34,0,16,9,1,10
Leu_Ser_Comb_1,67,1,45,13,0,19,1,9,16,13,0,42,0,15,0,20,19,21,5,4,5,0,16,0,0,0,0,108,115,16,0,0,0,0,0,72,0,3,0,12,35,1,7,7,0,0,8,0,0
Leu_Comb_19,10,0,0,0,0,0,0,0,0,5,0,0,0,0,0,25,1,0,23,0,0,0,0,0,0,0,0,0,42,0,0,0,0,0,0,0,0,0,0,0,0,0,3,0,0,0,0,0,0
Leu_Comb_20,0,0,0,0,0,0,0,0,10,0,0,0,0,0,0,0,0,0,47,0,11,0,2,0,0,0,0,0,0,0,0,0,0,26,0,0,0,5,0,0,0,0,12,0,0,0,0,0,0
Ile_Comb_18,0,0,0,0,0,0,0,0,0,0,0,0,0,0,0,0,0,0,0,0,0,0,0,0,0,0,0,0,0,0,0,0,0,0,0,0,0,0,0,0,0,0,0,0,0,0,0,0,0
Tyr_Comb_7,187,0,0,0,19,0,0,0,0,0,0,24,0,0,5,4,9,20,7,6,14,0,9,0,0,0,2,0,0,0,5,0,10,37,0,0,0,0,1,15,16,0,12,0,1,0,0,1,0
Leu_Comb_21,0,0,0,0,0,0,0,0,0,0,0,0,0,0,0,0,0,0,1,0,2,0,0,0,0,0,0,0,0,0,0,0,0,0,0,0,0,0,0,0,0,0,0,0,0,0,0,0,0
Leu_Comb_22,0,0,0,0,0,0,0,0,0,0,0,0,0,0,0,0,0,0,0,0,0,0,0,0,0,0,0,0,0,0,0,0,0,0,0,0,0,0,0,0,0,0,0,0,0,0,0,0,0
Ser_Comb_10,0,0,0,0,1,0,0,0,0,0,0,0,5,1,2,0,5,8,11,15,4,0,0,0,0,0,0,0,0,0,0,0,0,29,0,0,0,0,0,0,0,0,6,7,0,0,0,2,0
Lys_Comb_17,0,0,0,0,0,0,0,0,0,0,0,0,0,0,0,0,0,0,0,0,0,0,0,0,0,0,0,0,0,0,0,0,0,0,0,0,0,0,0,0,0,0,0,0,0,0,0,0,0
Ile_Comb_19,0,0,0,0,0,0,0,0,0,0,0,0,0,0,0,0,0,0,25,0,0,0,0,0,0,0,0,0,0,0,0,0,0,0,0,0,0,2,0,0,0,0,2,0,0,0,0,1,0
His_Comb_1,0,0,0,0,0,19,0,0,0,0,0,0,9,0,0,0,0,8,4,2,11,0,2,0,0,0,1,0,0,0,0,0,0,0,0,0,0,0,0,0,0,0,9,8,0,0,0,2,0
His_Comb_2,3,0,38,13,0,0,0,0,0,5,0,1,0,0,19,0,0,0,48,1,10,0,3,61,0,0,0,0,0,0,0,0,0,0,0,0,0,0,12,1,2,1,31,0,0,61,0,1,0
His_Comb_3,0,0,0,0,0,25,0,0,0,0,0,0,0,0,0,8,0,0,7,0,0,0,1,0,0,0,0,0,0,0,0,0,0,39,0,0,0,0,0,0,0,0,1,68,0,0,0,3,0
His_Comb_4,21,13,35,9,94,37,10,13,6,28,13,50,5,20,165,62,3,24,977,35,46,39,35,1,150,19,1,10,0,24,39,0,19,239,0,12,0,14,44,24,52,0,103,241,0,1,28,19,26
His_Comb_5,14,13,0,33,55,1,0,11,0,52,3,81,32,24,65,19,0,42,2809,33,404,26,57,1,212,2,0,2,0,58,0,0,0,280,0,10,0,7,1,122,8,0,169,50,3,31,37,58,17
His_Comb_6,7,4,1,20,3,1,1,6,0,2,3,5,14,1,67,18,4,54,25,2,7259,14,124,1,2,1,0,0,1,18,1,0,0,116,0,0,1,3,31,11,5,352,131,132,0,1,1,11,3
Ser_Comb_11,0,0,0,0,0,0,0,0,0,0,0,0,0,0,0,0,0,0,20,0,4,0,1,0,0,0,0,0,0,0,0,0,0,0,0,0,0,0,7,0,3,0,5,8,0,0,0,2,0
Ser_Comb_12,84,14,0,30,40,16,15,7,15,22,100,8,1,4,108,52,14,27,139,35,50,59,21,22,152,5,27,7,10,48,79,17,18,95,2,4,0,2,53,33,2,1,55,72,11,241,9,31,8
Ser_Comb_13,0,0,0,0,0,0,0,0,0,0,0,0,0,0,0,0,0,0,127,0,13,0,3,1,0,0,0,0,0,0,0,0,0,0,0,1,0,0,0,0,0,0,69,39,0,0,0,6,1
Arg_Comb_28,1,4,1,0,19,24,0,4,22,21,0,11,0,0,6,59,14,61,400,9,104,0,26,0,0,0,0,60,1,28,0,31,0,1,0,21,0,6,18,0,11,0,117,72,0,0,1,1,1
Arg_Comb_29,82,173,2,270,124,219,106,77,158,142,382,153,73,62,201,269,184,155,195,273,64,52,97,152,421,30,50,141,284,68,141,134,52,238,9,107,1,103,120,63,73,3,177,404,27,1216,67,237,131
Arg_Comb_30,9,0,0,0,11,0,0,5,0,5,49,0,0,0,2,0,2,0,20,5,0,0,7,8,0,0,0,0,8,0,17,0,0,0,15,0,0,0,0,19,0,0,6,19,0,0,0,2,0
Arg_Comb_31,0,0,0,0,0,0,0,0,0,0,0,0,0,0,0,0,0,8,0,0,0,0,1,0,0,0,0,0,0,0,0,0,0,0,0,0,0,0,0,0,0,0,0,0,0,0,0,0,0
Leu_Comb_23,0,0,0,0,0,0,0,0,0,0,0,0,0,0,16,0,0,0,18,0,6,0,3,0,0,0,0,0,0,0,0,0,0,0,0,0,0,0,0,0,8,0,6,2,0,4,0,0,0
Leu_Comb_24,0,0,0,0,0,0,0,0,0,1,0,4,0,0,3,14,0,0,49,1,13,0,2,0,0,0,0,0,0,0,0,0,0,20,0,0,0,0,5,0,0,0,15,0,0,0,0,0,0
Leu_Comb_25,0,0,0,0,0,0,0,0,0,0,0,0,0,0,0,0,0,0,0,0,2,0,0,0,0,0,0,0,0,0,0,0,0,0,0,0,0,0,0,0,0,0,0,3,0,0,0,0,0
Leu_Comb_26,31,0,0,0,0,0,0,0,0,0,0,0,0,0,0,0,0,0,40,0,17,0,2,0,0,0,0,0,0,0,0,0,0,0,0,0,0,0,0,0,0,0,16,47,0,0,0,3,0
Leu_Comb_27,0,0,0,0,0,0,0,0,0,0,0,0,0,0,0,0,0,0,1,0,0,0,0,0,0,0,0,0,0,0,1,0,0,12,0,0,0,0,0,0,0,0,4,28,0,0,12,0,0
Leu_Comb_28,0,0,0,0,1,0,0,0,0,0,0,0,0,0,0,0,0,0,2,0,0,0,0,0,0,0,0,0,0,0,0,0,0,0,0,0,0,0,0,0,0,0,0,0,0,0,0,0,0
Leu_Comb_29,0,0,0,0,0,0,0,0,0,0,0,0,0,0,0,0,0,0,2,0,0,0,0,0,0,0,0,0,0,0,0,0,0,0,0,0,0,0,0,0,0,0,0,0,0,0,0,0,0
Leu_Comb_30,0,0,0,0,0,0,0,0,0,0,0,0,0,0,5,0,0,0,5,0,1,0,0,0,0,0,0,0,0,0,0,0,0,0,0,0,0,0,0,0,0,0,7,1,0,0,0,0,0
Leu_Comb_31,13,1,0,18,6,11,1,3,5,8,0,9,0,1,19,19,12,29,374,2,40,8,14,0,54,0,0,0,0,23,18,6,0,14,0,1,0,5,2,0,12,0,35,145,5,0,0,8,0
Leu_Comb_32,7,0,0,0,11,0,0,0,3,0,0,1,0,3,14,5,0,4,55,0,72,3,5,0,0,0,0,0,7,0,0,0,0,17,0,3,0,1,0,0,0,0,33,161,0,0,9,6,0
Asn_Comb_8,0,0,0,0,0,0,0,0,0,0,0,0,0,0,0,0,0,0,0,0,0,0,0,0,0,0,0,0,0,0,0,0,0,0,0,0,0,0,0,0,0,0,0,0,0,0,0,1,0
Ser_Comb_14,0,0,0,0,0,0,0,0,0,0,0,0,0,0,0,0,0,0,0,0,0,0,0,0,0,0,0,0,0,0,0,0,0,0,0,0,0,0,0,0,0,0,0,0,0,0,0,0,0
Val_Comb_18,2,0,0,0,0,0,0,0,0,0,0,0,0,0,2,0,0,0,5,0,8,23,2,0,0,0,0,5,0,0,0,0,1,35,0,0,0,2,0,0,0,0,9,4,0,0,0,1,0
Val_Comb_19,0,0,0,0,0,0,0,0,0,0,0,0,0,0,0,0,0,0,0,0,0,0,0,0,0,0,0,0,0,0,0,0,0,0,0,0,0,0,0,0,0,0,0,0,0,0,0,0,0
Ala_Comb_9,0,0,0,0,0,0,0,0,0,6,0,0,0,0,0,0,0,0,4,0,47,0,3,0,0,0,0,5,0,0,0,0,0,0,0,0,0,0,0,0,0,0,0,46,0,0,10,0,0
Ala_Comb_10,12,14,0,0,0,0,0,0,7,0,0,1,0,0,7,0,5,4,7,0,5,0,1,0,0,0,0,0,0,0,0,0,0,39,34,0,0,0,0,0,0,0,6,0,0,0,0,51,0
Asp_Comb_9,0,0,0,0,0,0,0,0,0,0,0,0,0,0,0,0,0,0,0,0,0,0,0,0,0,0,0,0,0,0,0,0,0,0,0,0,0,0,0,0,0,0,0,0,0,0,0,0,0
Leu_Comb_33,8,0,0,0,0,0,0,0,0,0,0,0,0,0,0,0,0,1,0,0,23,0,0,0,0,0,0,0,0,0,0,0,0,0,0,0,0,0,0,1,0,0,2,7,0,0,0,0,0
Leu_Comb_34,0,0,0,0,0,0,0,0,1,6,0,0,0,0,0,12,0,0,0,0,12,0,0,0,0,0,0,0,0,0,0,0,0,0,0,0,0,0,0,0,0,0,3,16,0,0,0,4,0
Leu_Comb_35,0,0,0,0,0,0,0,0,0,0,0,0,0,0,0,0,0,0,0,0,0,0,0,0,0,0,0,0,0,0,0,0,0,0,0,0,0,0,0,0,0,0,0,0,0,0,0,0,0
Leu_Comb_36,0,0,0,0,0,0,0,0,0,0,0,0,0,0,0,0,0,0,0,0,0,0,0,0,0,0,0,0,0,0,0,0,0,0,0,0,0,0,0,0,0,0,0,0,0,0,0,0,0
Ser_Comb_15,0,0,0,0,0,0,0,0,0,5,0,2,0,1,3,0,0,2,41,2,37,1,2,0,2,0,0,0,0,0,0,4,0,4,0,0,0,0,3,0,1,0,5,40,1,14,0,4,1
Ser_Comb_16,22,8,115,8,146,155,16,44,26,181,1,80,35,21,124,40,10,40,140,18,1720,28,68,29,900,0,1,13,19,37,3,3,1,647,15,25,0,17,71,123,22,1,111,148,8,48,115,92,4
Ser_Comb_17,0,0,0,0,1,0,1,1,0,0,0,1,0,0,0,6,0,0,76,0,51,0,6,0,0,0,0,0,0,13,0,0,0,15,0,0,0,0,0,0,0,1,193,466,1,0,0,23,1
Ser_Comb_18,9,0,0,1,29,84,17,22,9,93,0,46,8,5,17,19,11,33,118,23,205,0,21,0,233,1,2,5,58,39,10,34,0,52,0,0,0,8,22,57,1,0,43,120,0,0,32,32,2
Ser_Comb_19,1,0,0,0,0,0,0,0,0,5,19,0,0,0,11,0,0,0,16,0,1,0,0,0,0,0,0,0,0,0,0,0,0,0,0,0,0,0,0,0,0,0,17,55,0,0,0,1,0
Ser_Comb_20,50,29,305,75,121,183,33,30,23,49,333,32,19,34,302,129,29,212,19702,33,743,54,376,62,258,5,0,15,41,2,58,5,8,736,0,16,2,11,104,61,19,541,906,1450,5,556,90,220,14
Ile_Comb_20,0,0,0,0,0,0,0,0,0,0,0,0,0,0,0,0,0,0,0,0,0,0,0,0,0,0,0,0,0,0,0,0,0,0,0,0,0,0,0,0,0,0,0,0,0,0,0,0,0
Ile_Comb_21,13,3,0,1,2,0,0,0,11,7,0,0,1,0,2,6,0,0,230,1,37,0,18,1,0,0,2,0,0,0,6,0,1,0,10,0,0,0,5,0,0,0,171,70,1,0,0,16,0
Ile_Comb_22,0,0,0,0,0,0,0,0,0,0,0,0,0,0,0,0,0,0,0,0,0,0,0,0,0,0,0,0,0,0,0,0,0,0,0,0,0,0,0,0,0,0,0,0,0,0,0,0,0
Ser_Comb_21,0,0,0,0,0,0,0,0,0,0,0,0,0,0,0,0,0,0,12,0,0,0,0,0,0,0,0,0,0,0,0,0,0,0,0,0,0,0,0,0,0,0,0,0,0,0,0,0,0
Val_Comb_20,2,8,0,0,19,1,1,1,0,3,0,0,10,2,0,10,12,2,63,0,236,0,15,25,0,0,5,0,0,0,0,0,0,54,0,10,0,14,8,0,1,0,200,489,0,0,0,11,0
Val_Comb_21,0,0,0,0,18,0,0,0,1,0,0,0,0,0,0,0,0,3,1,0,25,1,1,0,0,1,0,0,0,0,0,0,0,9,0,0,0,1,0,0,0,0,3,4,0,0,0,1,0
Val_Comb_22,1,0,0,0,0,0,0,6,0,0,0,0,0,0,0,0,4,0,10,0,4,4,5,0,0,0,0,0,20,0,4,0,0,0,0,0,0,2,0,0,0,0,8,0,0,0,0,3,0
Val_Comb_23,0,0,0,0,0,0,0,0,0,0,0,0,0,0,0,0,0,2,0,0,0,0,0,0,0,0,0,0,0,0,0,0,0,0,0,0,0,0,0,0,0,0,0,0,0,0,0,0,0
Val_Comb_24,0,0,0,0,0,0,0,0,0,0,0,0,0,0,0,0,0,0,33,0,7,0,0,0,0,0,0,0,0,0,0,0,0,0,0,5,1,0,0,0,0,0,11,2,0,0,0,2,0
Ala_Comb_11,0,0,0,0,0,0,0,0,0,0,0,0,0,0,0,0,0,0,4,0,1,0,0,0,0,0,0,0,0,0,0,0,0,12,0,0,0,0,0,0,0,0,1,0,0,0,0,7,0
Ser_Comb_22,65,35,104,69,101,18,16,23,4,44,85,7,5,25,260,142,23,82,101,40,16,40,23,14,65,26,12,33,0,52,40,13,26,86,13,3,0,12,41,19,19,0,44,55,1,48,22,38,22
Arg_Comb_32,0,0,0,0,0,0,0,0,0,0,0,0,0,0,0,0,0,0,49,0,22,0,0,0,0,0,0,0,0,0,0,0,0,0,0,0,0,0,0,0,0,0,14,4,0,0,0,9,0
Arg_Comb_33,0,0,0,0,0,0,0,0,0,0,0,0,0,0,0,30,0,0,0,0,0,0,0,0,0,0,0,0,0,0,0,0,0,0,0,0,0,0,0,0,0,0,0,0,0,0,0,10,0
Arg_Comb_34,0,0,0,0,0,0,0,0,0,0,0,0,0,0,0,0,0,0,4,0,0,0,0,0,0,0,0,0,0,0,0,0,0,0,0,0,0,0,0,0,0,0,1,0,0,0,0,0,0
Val_Comb_25,96,109,148,131,346,216,169,118,559,131,86,199,97,126,151,518,146,661,97237,200,17960,68,5396,101,207,36,19,147,543,83,499,22,103,1167,21,130,35,97,123,191,88,69,33356,249258,23,3522,127,3820,124
SeC_Comb_3,110,8,0,49,84,17,22,18,1,20,1,50,21,19,25,69,2,38,245,15,128,43,33,0,600,15,4,3,2,21,1,0,8,115,0,16,0,9,140,0,42,0,97,389,1,66,18,6,23
SeC_Comb_4,0,0,0,3,3,0,0,0,0,0,1,1,0,0,2,3,0,3,48,0,5,3,3,0,11,0,0,0,0,1,0,0,0,0,0,1,0,0,0,1,0,0,21,17,0,0,0,0,0
SeC_Comb_5,12,24,0,1,22,0,3,20,18,12,0,1,1,0,17,4,5,0,83,7,29,0,2,0,0,0,0,8,1,0,7,0,0,14,0,6,0,4,0,3,3,0,11,5,0,0,1,8,4
SeC_Comb_6,23,31,23,38,7,14,9,10,7,0,0,28,0,0,38,48,24,38,50,11,6,11,10,13,140,4,0,4,0,0,0,0,7,67,0,21,0,0,33,6,18,1,51,63,1,68,0,14,8
SeC_Comb_7,22,4,1,15,27,66,1,1,1,2,5,2,5,1,0,16,4,2,3560,1,674,0,111,0,110,8,0,3,2,6,3,2,0,11,1,2,0,0,26,2,11,1,2024,137,0,230,6,141,5
SeC_Comb_8,99,17,0,26,1,32,8,0,24,0,0,10,0,15,0,8,10,18,0,0,8,7,6,0,0,0,0,32,56,0,16,0,0,0,0,0,0,0,0,0,16,0,2,0,0,0,1,0,0
SeC_Comb_9,0,0,0,0,0,0,0,0,0,0,0,0,0,0,0,0,0,0,0,0,0,0,0,0,0,0,0,0,0,0,0,0,0,0,0,0,0,0,0,0,0,0,0,0,0,0,0,0,0
Thr_Comb_15,0,10,0,8,0,0,6,3,0,1,0,3,0,0,1,10,0,0,258,0,25,0,8,0,0,0,0,7,0,0,0,0,0,0,0,13,0,0,0,1,9,0,91,19,0,0,6,8,8
Thr_Comb_16,0,0,0,0,0,0,0,0,0,0,0,0,0,0,0,0,0,0,0,0,0,0,0,0,0,0,0,0,0,0,0,0,0,0,0,0,0,0,0,0,0,0,10,0,0,0,0,0,0
Thr_Comb_17,0,0,0,0,0,0,0,0,0,0,0,0,0,0,0,0,0,0,0,0,0,0,0,0,0,0,0,0,0,0,0,0,0,0,0,0,0,0,0,0,0,0,0,0,0,0,0,0,0
Leu_Comb_37,0,0,0,0,0,0,0,0,0,0,0,0,0,0,0,0,0,0,0,0,0,0,0,0,0,0,0,0,0,0,0,0,0,0,0,0,0,0,0,0,0,0,0,0,0,0,0,0,0
Thr_Comb_18,0,0,0,0,0,0,0,0,0,0,0,0,0,0,0,0,0,0,0,0,0,0,0,0,0,0,0,0,0,0,0,0,0,0,0,0,0,0,0,0,0,0,0,0,0,0,0,0,0
Arg_Comb_35,17,4,0,0,0,0,0,5,0,2,0,0,0,8,0,0,0,0,6,15,30,0,7,0,99,0,0,0,37,0,0,0,0,0,0,0,0,0,1,0,0,0,2,7,0,0,0,3,0
Val_Comb_26,0,0,0,2,2,1,0,0,1,1,0,3,0,0,1,0,1,10,0,0,1,0,0,0,9,0,0,5,0,1,0,0,0,0,0,0,0,1,0,0,0,0,2,1,0,0,3,18,0
Val_Comb_27,474,782,2837,1163,3148,1628,934,854,1972,882,1027,1238,847,612,1083,4820,876,3129,555255,813,105435,273,16190,870,4557,119,69,558,3912,710,3290,60,1360,7396,90,1121,84,644,2655,725,854,214,193023,418694,66,3329,995,28805,699
Gln_Comb_14,14,11,0,0,0,0,0,2,5,0,0,0,0,0,27,0,0,12,0,5,4,0,0,0,0,0,0,2,0,0,0,0,0,0,0,14,0,2,0,0,0,0,0,10,0,41,0,1,5
Ala_Comb_12,0,0,0,0,0,0,0,0,0,0,0,0,0,0,0,0,0,0,0,0,0,0,0,0,0,0,0,0,0,0,0,0,0,0,0,0,0,0,0,0,0,0,0,0,0,0,0,0,0
Lys_Comb_18,0,0,0,0,0,0,0,0,0,0,0,0,0,0,0,0,0,0,0,0,0,0,0,0,1,0,0,0,0,0,0,0,0,0,0,0,0,0,0,0,0,0,0,0,0,0,0,0,0
Lys_Comb_19,0,0,0,0,0,0,0,0,0,0,0,0,0,0,0,0,0,0,0,0,0,0,0,0,0,0,0,0,0,0,0,0,0,0,0,0,0,0,0,0,0,0,0,0,0,0,0,0,0
Ser_Comb_23,0,0,0,0,0,0,0,0,0,0,0,0,0,0,0,0,0,0,2,0,0,0,0,0,0,0,0,0,0,0,0,0,0,0,0,0,0,0,0,0,0,0,0,0,0,0,0,0,0
Thr_Comb_19,0,0,0,0,0,0,0,1,0,0,0,0,0,0,0,0,0,0,21,0,0,0,0,0,0,0,0,0,0,0,0,0,0,0,0,0,0,0,0,0,0,0,3,0,0,0,0,0,0
Thr_Comb_20,2,7,0,25,40,1,1,13,17,13,43,2,1,0,26,36,6,3,38,5,4,20,5,2,58,1,12,4,27,0,39,4,4,30,0,0,0,4,18,0,1,0,8,62,0,64,20,6,11
Thr_Comb_21,0,0,0,0,0,0,0,0,0,0,0,0,0,0,0,0,0,0,0,0,0,0,0,0,0,0,0,0,0,0,0,0,0,0,0,0,0,0,0,0,0,0,0,0,0,0,0,0,0
Trp_Comb_11,28,0,0,12,0,21,5,4,27,0,0,0,0,7,7,35,17,19,55,9,177,0,15,36,0,1,15,13,47,0,0,0,0,0,0,0,0,7,0,0,0,0,44,21,5,0,0,5,14
Trp_Comb_12,0,0,0,0,0,0,0,0,0,0,0,0,0,0,0,0,0,0,0,0,0,0,0,0,0,0,0,0,0,0,0,0,0,0,0,0,0,0,0,0,0,0,0,0,0,0,0,0,0
Cys_Comb_7,0,0,0,0,0,0,0,0,0,0,0,0,0,0,0,0,0,0,71,0,8,0,0,0,0,0,0,0,0,0,0,0,0,0,0,0,0,0,0,0,0,0,28,13,0,0,0,6,0
Glu_Comb_25,1,1,0,2,19,1,1,0,1,1,1,0,0,1,1,1,0,5,0,3,17,0,3,0,2,0,5,0,9,0,2,4,5,19,0,6,0,0,10,1,1,0,15,52,12,0,0,1,0
Glu_Comb_26,0,0,0,0,0,0,0,0,0,0,0,0,0,0,0,0,0,0,14,0,0,0,0,0,0,0,0,0,0,0,0,0,0,0,0,0,0,0,0,0,0,0,7,0,0,0,0,0,0
His_Comb_7,0,0,0,1,1,11,2,0,2,2,0,4,0,0,0,0,0,6,15,0,4,0,1,0,6,0,0,0,42,0,0,0,9,0,6,1,0,0,4,0,0,0,7,6,0,0,5,11,0
His_Comb_8,134,356,52,282,7,377,98,189,244,286,630,139,176,72,393,380,420,413,338,505,547,20,173,50,237,0,4,192,206,106,79,1,7,51,25,191,2,150,8,142,149,5,763,16,10,148,175,2087,256
His_Comb_9,4462,1260,434,1411,982,1948,5024,2978,3458,3336,2576,3693,1539,1685,2959,3455,4612,7882,26348,1879,9675,300,2765,1900,884,209,136,2362,2846,2484,387,1473,96,2385,714,5017,2069,1831,1356,7950,4231,1821,7774,48164,177,83,2006,3947,1889
His_Comb_10,0,6,0,0,0,0,0,20,0,0,0,0,0,0,0,0,0,0,74,7,72,0,5,0,0,3,0,0,0,0,0,0,0,0,0,16,0,0,0,0,0,0,32,36,0,0,0,1,0
His_Comb_11,59,31,0,49,4,2,24,13,49,26,43,29,30,16,30,22,72,39,6,8,12,0,15,48,0,10,0,35,32,8,25,0,0,0,0,30,0,44,3,13,21,0,12,3,0,0,36,27,62
His_Comb_12,213,98,0,167,1,2,347,254,142,194,3,212,123,144,90,463,356,459,61,64,17,8,112,99,81,0,13,137,152,95,101,105,10,22,0,289,0,180,0,132,344,2,59,6,4,0,109,55,216
His_Comb_13,234,87,173,122,96,145,168,87,331,209,172,251,90,185,234,105,230,289,461,92,119,49,108,74,452,22,6,171,233,138,25,65,30,208,28,249,21,105,79,125,216,134,166,163,19,0,116,87,93
His_Comb_14,0,0,0,1,0,0,10,7,18,0,0,0,0,13,0,9,25,8,6,0,23,0,0,0,0,0,0,2,0,23,0,0,0,0,0,0,0,0,0,0,4,0,3,0,1,0,1,4,0
His_Comb_15,679,8,0,25,0,63,0,0,21,1,0,8,4,0,0,13,14,38,75,9,8,1,13,0,0,0,23,0,27,0,32,0,10,0,0,0,0,0,8,0,0,0,6,1,1,0,3,32,0
His_Comb_16,0,0,0,0,0,0,0,0,0,0,0,0,0,0,0,0,0,0,70,0,11,0,1,0,0,0,0,0,0,0,0,0,0,1,0,0,0,0,0,1,0,0,29,26,0,0,0,5,0
His_Comb_17,0,0,0,0,0,0,0,0,0,0,0,0,0,0,0,0,0,0,2,0,0,0,0,0,0,0,0,0,0,0,0,0,0,0,0,0,0,0,0,0,0,0,4,0,0,0,0,0,0
Thr_Comb_22,0,0,0,0,0,0,0,0,0,0,0,0,1,0,1,0,0,0,21,0,1,0,0,0,0,0,0,0,0,0,0,0,0,0,0,0,0,0,0,0,0,0,3,7,0,0,0,0,0
Ala_Comb_13,5,0,23,0,0,0,0,0,0,3,0,0,1,0,5,0,0,3,9,5,3,0,0,0,0,0,0,0,0,2,0,0,1,0,0,0,0,0,0,19,0,0,9,5,0,0,0,0,1
Ala_Comb_14,0,0,0,0,0,0,0,0,0,0,0,2,0,0,3,0,0,0,3,0,2,0,0,0,0,0,0,0,0,0,0,0,0,11,0,0,0,0,0,0,0,0,4,0,0,0,0,0,0
Ala_Comb_15,0,0,0,0,0,0,0,0,0,0,0,0,0,0,0,0,0,4,26,0,6,0,0,0,0,0,0,0,0,0,0,0,0,1,0,0,0,0,21,0,0,0,16,24,0,0,0,0,0
Ala_Comb_16,0,0,0,0,0,0,0,0,0,4,0,14,4,0,8,12,0,2,6,0,6,0,1,0,0,0,0,0,0,0,0,0,0,0,0,0,0,0,18,0,0,0,1,6,0,0,0,0,0
Ala_Comb_17,0,0,0,0,0,0,0,0,0,0,0,0,0,0,0,0,0,0,4,0,0,0,0,0,0,0,0,0,0,0,0,0,0,0,0,0,0,0,5,0,0,0,3,11,0,0,0,0,0
Ala_Comb_18,0,1,1,0,21,23,0,0,0,21,0,0,1,7,31,0,0,10,37,5,9,0,4,0,0,0,0,0,0,0,0,0,0,48,0,25,0,3,0,0,17,0,0,1,0,0,10,0,0
His_Comb_18,0,0,0,0,0,0,0,0,0,0,0,0,0,0,0,0,0,0,1,0,0,0,0,0,0,0,0,0,0,0,0,0,0,0,0,0,0,0,0,0,0,0,0,0,0,0,0,0,0
His_Comb_19,1,0,0,0,0,0,0,0,9,0,0,0,9,0,0,0,0,0,325,0,24,0,1,0,0,0,0,0,31,0,0,0,0,44,0,0,0,0,0,0,1,1,37,64,0,0,0,20,0
Gly_Comb_22,1,0,0,0,1,4,0,2,3,4,2,0,0,0,1,5,1,6,406,0,148,0,15,1,1,1,0,0,0,0,1,1,0,6,0,1,0,2,0,0,0,0,284,37,0,4,1,12,2
Val_Comb_28,0,0,0,2,0,1,1,0,0,0,1,3,0,0,3,0,1,1,25,0,69,0,4,0,0,0,0,1,0,0,0,0,0,7,0,0,0,1,2,1,0,1,2,58,1,1,1,3,1
Val_Comb_29,0,0,0,0,0,0,0,0,0,0,0,18,0,0,0,0,0,0,3,0,24,0,0,0,0,0,0,0,0,0,0,0,7,0,0,0,0,0,0,0,0,0,5,26,1,0,13,0,0
Val_Comb_30,55,56,481,233,174,293,15,29,64,232,283,264,53,52,327,233,12,209,3677,75,115,49,225,49,503,22,11,64,140,65,54,47,9,460,13,69,2,30,118,172,129,2,317,6691,20,97,139,228,44
Val_Comb_31,0,0,0,0,0,0,0,0,0,9,0,0,0,0,8,0,0,0,44,0,7,0,1,0,0,0,0,0,0,0,0,47,0,0,0,0,0,0,17,22,0,0,15,3,0,0,0,5,0
Val_Comb_32,2,1,0,0,0,0,0,0,0,0,0,0,0,0,0,0,0,0,1,0,15,0,0,0,0,0,0,0,0,0,0,0,0,0,0,0,0,0,0,0,0,0,0,0,0,0,0,0,0
Val_Comb_33,2,0,0,0,0,0,0,0,0,0,0,0,0,0,0,1,0,0,34,0,11,0,0,8,0,0,0,0,0,0,0,0,0,0,0,0,0,0,0,0,0,0,9,43,0,0,0,0,0
Val_Comb_34,1,0,0,0,15,1,0,13,1,11,1,35,1,0,62,0,1,28,100,14,1156,13,27,1,0,0,0,0,23,0,0,0,0,0,0,1,0,2,12,0,15,0,69,29,0,0,5,31,0
Val_Comb_35,0,0,0,0,0,0,0,0,0,0,0,0,0,0,0,0,0,0,0,0,0,0,0,0,0,0,0,0,0,0,0,0,0,0,0,0,0,0,0,0,0,0,0,0,0,0,0,0,0
Val_Comb_36,79,70,0,47,129,337,64,95,21,228,589,530,76,142,363,89,2,62,1446,54,259,203,261,28,2163,83,12,101,326,222,1,64,7,769,71,218,1,45,248,320,222,4,473,5639,2,154,361,233,93
Val_Comb_37,3,9,2,18,48,128,0,2,31,76,2,129,0,43,298,56,8,232,1017,61,1884,79,81,1,199,1,3,31,55,16,13,1,0,338,0,3,0,23,212,51,56,1,526,45,1,0,31,36,19
Val_Comb_38,11,6,0,5,1,10,0,7,3,10,39,59,14,3,27,47,3,18,1125,13,163,1,148,2,56,2,0,3,1,19,4,0,1,115,1,6,2,9,14,24,35,1,165,9044,3,61,10,148,13
Lys_Comb_20,0,0,0,0,0,0,0,0,0,0,0,0,2,0,0,0,0,0,0,0,0,0,0,0,0,1,0,0,0,0,0,0,0,0,0,0,0,0,0,0,0,0,0,0,0,0,0,0,0
Tyr_Comb_8,0,0,0,0,0,0,0,0,0,0,0,0,0,0,0,0,0,0,50,0,1,0,1,0,0,0,0,0,0,1,0,0,0,0,0,0,0,0,0,0,0,0,2,3,0,0,0,0,0
Cys_Comb_8,15,2,0,1,0,0,11,12,0,11,0,0,0,0,3,0,6,0,144,0,8,0,6,0,0,0,1,10,0,7,1,0,0,0,0,0,0,14,0,0,0,0,22,68,0,0,0,10,51
Trp_Comb_13,0,0,0,0,0,0,0,0,0,0,0,0,0,0,0,0,0,0,3,0,2,0,0,0,0,0,0,0,0,0,0,0,0,0,0,0,0,0,0,0,0,0,0,0,0,0,0,0,0
Cys_Comb_9,29,11,0,1,64,72,19,1,9,65,131,156,12,2,75,159,23,176,623,20,151,19,43,1,338,27,2,5,0,48,1,0,4,450,0,25,0,1,35,93,118,0,72,162,0,95,81,13,6
Cys_Comb_10,7,9,1,22,0,40,0,0,3,15,1,28,0,10,128,1,0,52,1633,4,26,16,24,0,0,0,0,10,69,0,0,0,0,117,0,0,0,0,40,0,0,0,47,28,0,0,0,8,0
Cys_Comb_11,1,1,0,2,9,24,0,2,0,0,28,20,0,0,10,14,1,4,48,0,4,0,0,0,0,0,0,0,0,0,0,0,0,24,0,0,0,3,5,0,0,0,7,40,0,0,0,0,0
Gly_Comb_23,0,1,0,1,3,6,0,0,1,1,11,7,0,3,5,7,14,2,7,5,16,6,10,0,0,2,0,4,0,0,0,0,4,2,0,0,0,1,11,9,4,0,33,14,0,1,6,60,0
Gly_Comb_24,130,84,0,420,246,262,55,65,50,60,713,504,48,163,435,568,181,293,1036,176,287,114,211,221,1230,43,34,258,78,37,45,58,41,424,65,100,16,86,218,169,56,640,786,1817,20,87,195,1662,70
Gly_Comb_25,11,26,2,94,52,31,10,34,30,45,4,34,5,7,86,105,82,124,9954,51,1141,31,237,50,1,4,2,19,207,30,77,0,79,51,20,228,0,23,29,22,19,3,5296,4576,1,60,3,334,16
Gly_Comb_26,157,5,45,0,69,12,7,1,15,10,74,14,0,3,4,10,13,32,63,10,44,13,11,43,78,3,22,5,43,12,18,8,0,33,0,13,0,6,10,7,12,0,42,22,0,0,29,18,19
Gly_Comb_27,0,5,0,0,0,0,0,0,0,0,0,0,0,0,0,0,0,0,2,0,2,0,1,0,0,0,0,0,0,0,3,0,0,0,0,0,0,0,0,0,0,0,2,0,0,0,0,0,0
Gly_Comb_28,5,0,0,27,0,0,0,0,0,0,0,0,0,0,0,0,0,0,10,0,9,0,1,0,0,0,0,0,0,0,0,0,0,40,0,0,0,0,0,0,0,0,6,0,0,0,0,2,0
Gly_Comb_29,288,3,0,40,61,55,4,4,19,14,0,15,13,3,46,164,13,46,946,37,907,1,50,0,31,4,8,10,9,0,16,26,0,135,0,17,0,8,42,1,16,0,968,249,0,39,3,44,0
Gly_Comb_30,24,0,0,0,0,0,0,0,0,0,0,0,0,0,0,0,0,0,9,9,50,0,2,23,0,0,0,0,0,0,0,0,0,0,0,0,0,0,2,0,0,0,2,14,0,0,0,0,0
Leu_Comb_38,0,0,0,0,0,0,0,0,0,0,0,0,0,0,0,0,0,0,13,0,4,0,0,0,0,5,0,0,0,0,0,0,0,0,0,0,0,0,0,0,0,0,0,4,0,0,0,1,0
Val_Comb_39,0,0,0,0,0,0,0,0,0,0,0,0,0,0,0,0,0,0,0,0,0,0,0,0,0,0,0,0,0,0,0,0,0,0,0,0,0,0,0,0,0,0,0,0,0,0,0,0,0
Lys_Comb_21,19,0,0,0,0,10,0,2,0,0,19,9,0,0,0,21,9,10,16,5,26,4,4,0,0,0,0,3,0,0,0,0,0,0,0,0,0,0,5,0,0,0,24,17,0,0,0,7,0
Lys_Comb_22,46,15,0,27,0,12,35,18,43,4,58,37,17,34,30,49,30,24,105,13,183,0,31,0,0,0,3,22,0,23,22,0,0,0,0,15,0,29,21,26,0,0,292,82,0,0,17,132,1
Lys_Comb_23,0,0,0,0,0,0,0,1,0,0,0,0,0,0,0,0,0,0,3,0,10,11,1,0,0,0,0,0,0,0,0,0,0,0,0,0,0,0,0,0,14,0,0,1,0,0,0,0,16
Leu_Comb_39,3,0,0,5,0,0,0,12,0,0,0,4,8,0,3,0,0,4,19,0,10,0,0,0,0,0,0,0,0,0,0,0,4,0,0,0,0,0,0,0,3,0,29,2,0,0,0,6,0
Leu_Comb_40,0,0,0,0,0,0,0,0,0,0,0,0,0,0,0,0,0,15,4,0,0,0,2,0,192,0,0,0,0,0,0,0,0,0,0,0,0,0,0,0,0,0,0,3,0,0,0,0,0
Leu_Comb_41,9,0,130,0,21,11,0,0,0,10,0,1,0,0,8,4,0,10,54,5,21,5,2,0,0,2,0,2,0,0,0,0,0,107,0,0,0,0,19,43,0,0,25,65,0,0,0,4,0
Leu_Comb_42,0,0,0,0,3,0,0,0,0,0,0,0,0,0,0,0,0,0,12,0,6,0,0,0,0,0,0,0,0,0,0,0,0,0,0,0,0,0,0,0,0,0,3,20,0,0,0,4,0
Leu_Comb_43,37,1,0,41,207,85,0,33,6,81,2,101,0,46,226,65,17,134,1313,38,1042,67,85,0,473,8,0,24,2,12,10,1,0,224,0,10,1,8,116,49,60,0,271,210,1,126,66,42,1
Leu_Comb_44,4,1,0,1,14,17,0,3,5,7,0,18,0,0,15,0,0,31,12,0,0,5,3,0,0,0,0,0,0,11,0,0,0,12,0,0,0,0,3,3,23,0,6,9,0,0,0,0,0
Pro_Comb_8,0,0,0,8,0,0,0,0,0,0,0,0,0,0,1,0,0,0,5,0,1,10,1,0,0,0,4,0,0,0,5,0,0,0,0,5,0,0,0,0,0,0,0,1,5,0,0,0,3
Pro_Comb_9,0,0,0,0,0,0,0,0,0,0,0,0,0,0,0,0,0,0,0,0,1,0,0,0,0,0,0,0,0,0,0,0,0,0,0,0,0,0,0,0,0,0,3,1,0,0,0,0,0
Pro_Comb_10,57,54,22,9,18,99,10,12,23,56,254,197,19,16,90,101,10,26,614,12,13,23,42,79,356,19,0,10,32,59,1,0,3,57,19,15,1,10,23,20,46,0,73,108,2,32,22,6,24
Pro_Comb_11,0,0,0,7,0,0,0,0,0,8,0,0,0,0,0,0,0,0,15,2,3,0,2,0,0,0,0,0,0,0,0,0,0,0,0,0,0,0,0,0,0,0,1,4,0,0,0,0,0
Pro_Comb_12,32,9,0,7,18,0,0,0,25,45,0,48,8,17,127,38,4,7,422,0,80,0,8,0,0,7,0,0,0,0,0,14,0,34,0,0,0,1,0,37,17,0,53,92,5,0,7,6,8
Pro_Comb_13,9,0,0,0,0,29,0,0,0,6,0,0,0,0,21,0,0,0,10,0,7,0,3,0,0,0,0,0,0,0,0,0,0,0,0,0,0,0,15,0,0,0,10,4,0,0,0,4,0
Pro_Comb_14,0,0,0,0,0,0,0,0,0,0,0,0,0,0,0,0,0,0,72,0,2,6,0,0,0,0,0,0,0,0,0,0,0,0,0,0,0,0,0,0,1,0,9,6,0,0,0,0,0
Pro_Comb_15,1,0,0,0,5,0,0,0,0,0,0,0,0,0,0,0,0,3,22,0,8,0,0,0,0,0,0,0,0,0,0,0,0,1,0,0,0,0,0,0,0,0,0,2,0,0,0,0,0
Pro_Comb_16,0,1,0,0,0,0,0,0,0,0,0,3,0,0,7,10,6,19,20,0,0,0,5,0,0,0,0,0,0,0,0,0,0,0,0,0,0,0,0,0,4,0,16,21,0,0,3,0,0
Pro_Comb_17,0,0,0,0,0,0,0,0,0,0,0,0,0,0,0,0,0,0,9,0,0,0,0,0,0,0,0,0,0,0,0,0,0,0,0,0,0,0,0,0,0,0,1,0,0,0,0,0,0
Pro_Comb_18,3,0,0,0,0,23,0,0,0,0,0,0,0,0,7,0,12,0,163,0,10,0,0,1,0,0,0,0,0,0,0,0,0,0,0,0,0,0,14,0,4,0,17,19,0,0,0,0,33
Arg_Comb_36,0,0,0,0,0,0,0,0,0,0,0,0,0,0,0,0,0,9,0,0,0,0,0,0,0,0,0,0,0,0,0,0,0,0,0,0,0,0,0,0,0,0,0,0,0,0,0,0,0
Met_Comb_7,0,0,0,0,0,0,11,6,0,0,0,0,0,0,10,0,0,0,38,0,4,0,2,0,0,0,0,0,0,6,9,0,0,0,0,0,0,0,7,8,0,0,21,0,0,0,0,6,0
Met_Comb_8,0,0,0,15,0,4,1,1,0,1,4,2,0,0,7,5,0,1,167,4,466,5,35,0,1,1,0,2,2,1,0,0,1,34,0,1,0,0,2,0,1,1,11,1016,0,0,0,9,1
Met_Comb_9,217,252,137,234,1218,840,126,354,254,1074,203,1063,333,293,2360,709,195,713,16931,512,39179,507,1464,118,2426,95,17,200,604,452,329,37,60,4544,27,281,8,210,914,539,619,17,2142,7610,7,166,1006,659,132
Met_Comb_10,0,0,0,0,0,0,0,0,0,0,0,0,0,0,1,28,0,0,50,0,6,0,8,0,0,0,0,0,0,0,0,0,0,0,0,0,0,0,0,0,0,0,24,242,2,0,0,28,0
Met_Comb_11,0,0,0,0,1,0,0,1,0,2,0,5,0,0,3,0,0,0,54,0,62,0,4,0,110,1,9,0,0,0,0,0,14,0,0,0,0,0,5,0,8,0,17,2,0,0,0,27,1
Met_Comb_12,0,0,0,1,0,0,0,1,1,1,0,6,1,0,10,26,0,0,772,0,36,0,23,0,0,1,0,2,0,0,0,0,0,0,0,0,0,1,0,0,13,1,31,1381,0,0,0,120,0
Met_Comb_13,14,0,0,0,3,21,0,0,0,20,0,9,0,5,39,26,0,12,420,1,459,12,25,1,399,6,0,11,0,0,0,0,0,62,0,0,0,3,24,1,0,0,62,72,0,0,22,15,2
Met_Comb_14,20,0,0,0,0,0,0,1,0,7,0,0,0,0,0,0,0,0,241,0,16,1,4,0,0,0,0,7,0,0,0,0,0,0,0,0,1,0,0,0,0,0,21,31,0,0,0,0,0
Ala_Comb_19,0,0,0,0,0,0,0,0,0,0,0,0,0,0,0,0,0,0,16,0,0,0,3,0,0,0,0,0,0,0,0,0,0,0,0,0,0,0,0,0,0,0,0,0,0,0,0,1,0
Arg_Comb_37,0,0,0,0,0,0,0,0,0,0,0,0,0,0,0,0,0,0,0,0,0,0,0,0,0,0,0,0,0,0,0,0,0,0,0,0,0,0,0,0,0,0,0,0,0,0,0,0,0
Pro_Comb_19,0,0,0,0,0,0,0,0,0,0,0,0,0,0,0,0,0,0,2,0,0,0,0,0,0,0,0,0,0,0,0,0,0,0,0,0,0,0,0,0,0,0,3,0,0,0,0,0,0
Pro_Comb_20,0,1,0,1,17,0,0,1,0,1,0,8,0,29,8,60,6,12,0,26,9,0,13,0,0,0,0,5,2,1,0,8,0,0,43,0,0,0,0,0,9,690,6,10,0,0,0,1,0
Thr_Comb_23,0,0,0,0,3,0,0,0,0,0,0,0,0,0,0,0,0,0,0,0,0,0,0,0,0,0,0,0,0,0,0,0,0,0,0,0,0,3,0,0,0,0,0,0,0,0,0,0,0
Lys_Comb_24,0,1,0,0,5,2,0,1,1,3,0,6,0,3,12,2,1,0,100,2,27,0,4,0,4,0,0,0,4,0,0,0,0,14,0,1,0,0,6,5,15,0,10,141,0,0,1,4,2
Lys_Comb_25,13,5,0,0,6,0,1,5,9,5,0,29,23,2,15,6,11,43,383,1,20,0,9,8,35,0,0,3,3,7,8,0,0,14,0,21,0,18,2,9,5,0,45,58,10,0,0,6,16
Lys_Comb_26,12,11,0,1,75,18,0,0,9,0,0,34,0,0,22,53,21,32,374,0,18,22,21,0,0,6,1,8,0,10,1,0,0,216,0,10,0,5,13,19,12,0,152,334,0,0,9,23,5
Lys_Comb_27,29,32,0,106,122,204,1,23,16,177,96,74,13,21,220,43,7,54,824,56,266,10,42,0,0,11,2,7,0,0,2,0,0,213,0,24,0,13,76,23,149,0,934,89,4,0,31,184,5
iMet_Comb_2,162,304,535,301,612,200,140,239,250,188,253,312,115,71,270,683,267,658,261367,328,43064,42,5845,342,28,35,38,192,398,152,630,13,374,1394,106,265,26,129,583,199,192,2011,77959,20131,32,4541,197,9050,158
iMet_Comb_3,251,26,185,73,18,66,47,61,30,16,147,55,31,54,21,254,42,26,25,57,19,4,48,73,121,2,45,9,92,28,164,22,26,64,29,355,0,21,74,23,51,0,11,32,10,0,36,5,27
iMet_Comb_4,50,53,0,136,104,54,18,22,59,22,116,50,11,14,40,54,161,82,424,19,557,16,62,21,57,19,7,36,58,32,22,66,18,187,27,60,142,24,131,74,15,153,509,249,0,164,14,322,15
iMet_Comb_5,24,148,40,45,47,108,28,99,41,77,68,22,20,36,82,30,44,36,124,91,65,24,41,72,1,4,2,75,45,61,48,0,10,102,11,9,0,29,68,58,12,0,138,48,26,23,54,398,110
iMet_Comb_6,14,1,0,0,1,0,16,0,14,0,1,19,1,0,11,16,0,12,15,16,2,6,7,0,5,0,3,12,1,20,0,0,0,187,0,0,0,0,27,0,15,0,6,6,0,0,0,8,9
iMet_Comb_7,0,28,48,10,82,23,7,11,9,12,56,26,1,7,22,30,8,16,5,23,22,15,10,23,121,12,31,7,19,9,68,5,20,50,33,7,0,8,50,27,16,0,10,0,17,0,3,12,10
iMet_Comb_8,0,0,0,0,0,0,0,0,0,0,0,0,0,0,0,0,0,0,0,0,0,0,0,0,0,0,0,0,0,0,0,0,0,0,0,0,0,0,0,0,0,0,0,0,0,0,0,0,0
iMet_Comb_9,0,0,0,0,0,0,0,0,0,0,0,0,0,0,0,0,0,0,0,0,0,0,0,0,0,0,0,0,0,0,0,0,0,0,0,0,0,0,0,0,0,0,0,0,0,0,0,0,0
iMet_Comb_10,0,0,0,0,0,0,0,0,0,0,0,0,0,0,0,0,0,0,0,0,0,0,0,0,0,0,0,0,0,0,0,0,0,0,0,0,0,0,0,0,0,0,0,0,0,0,0,0,0
Pro_Comb_21,0,0,0,0,0,0,0,0,0,0,0,0,0,0,0,0,0,0,0,0,0,0,0,0,0,0,0,0,0,0,0,0,0,0,0,0,0,0,0,0,0,0,0,0,0,0,0,0,0
Gln_Comb_15,0,0,0,0,0,0,0,0,0,0,0,0,0,0,0,0,0,0,0,0,0,0,0,0,0,0,0,0,0,0,0,0,0,0,0,0,0,0,0,0,0,0,0,0,0,0,0,0,0
Gln_Comb_16,0,0,0,0,0,1,0,0,0,0,1,0,0,0,1,1,0,0,0,0,8,0,0,1,0,0,1,0,0,0,1,0,0,0,0,0,0,0,1,0,2,0,2,3,0,0,0,0,0
Gln_Comb_17,139,242,5,200,370,990,90,242,171,861,127,1070,143,176,2346,368,63,504,27097,602,6161,206,763,147,2310,48,3,73,271,372,38,1,5,3357,15,66,7,84,325,637,750,11,4227,7660,11,1,450,1348,126
Gln_Comb_18,0,0,0,0,0,0,0,0,0,0,0,0,0,0,9,0,0,0,27,0,6,0,1,0,0,0,0,2,0,0,0,0,0,0,0,0,0,0,0,0,0,0,9,57,0,0,0,2,0
Gln_Comb_19,7,33,0,25,73,52,2,40,0,53,22,88,12,45,155,1,6,57,871,25,98,14,33,1,104,0,0,12,39,25,1,0,0,308,0,1,0,1,11,12,101,1,84,71,0,0,17,51,6
Gln_Comb_20,0,0,0,0,0,0,0,0,0,0,0,0,0,0,0,0,0,0,8,0,0,0,0,0,0,0,0,0,0,0,0,0,0,0,0,0,0,0,0,0,0,0,2,15,0,0,0,0,0
Gln_Comb_21,5,4,0,12,13,0,0,1,0,0,0,20,0,6,0,15,0,2,24,1,0,0,6,0,0,0,0,0,0,0,0,0,0,0,0,0,0,0,0,0,0,1,5,92,0,0,0,0,1
Gln_Comb_22,9,0,19,0,0,0,0,0,0,0,0,0,0,0,8,11,0,0,3,0,5,16,3,0,0,0,0,0,0,3,0,0,0,0,0,0,0,0,2,14,1,0,2,0,0,0,0,0,0
Gly_Comb_31,0,0,0,0,0,0,0,0,0,0,0,0,0,0,0,0,0,0,0,0,0,0,0,0,0,0,0,0,0,0,0,0,1,0,0,0,0,0,0,0,0,0,7,0,0,0,0,0,0
Gly_Comb_32,0,0,0,0,0,0,0,0,0,0,0,0,0,0,0,12,0,0,10,0,15,0,1,0,0,0,0,0,0,0,0,0,0,0,0,0,0,0,0,0,0,0,27,0,0,0,0,1,0
Gly_Comb_33,1,0,0,23,0,20,0,0,0,0,1,0,0,0,0,1,0,0,276,0,53,0,6,0,0,0,0,0,0,0,38,0,24,0,0,0,0,0,22,0,0,0,103,20,0,0,0,3,1
His_Comb_20,0,0,0,0,0,0,0,0,0,0,0,0,0,0,0,0,0,0,13,0,0,0,1,0,0,0,0,0,0,0,0,0,0,0,0,0,0,0,0,0,0,0,0,1,0,0,0,0,0
His_Comb_21,0,0,0,0,0,0,0,0,0,0,0,0,0,0,0,0,0,0,3,0,3,0,0,0,0,0,0,0,0,0,0,0,0,0,0,0,0,0,0,0,0,0,1,2,0,0,0,3,0
His_Comb_22,0,0,0,0,0,0,0,0,0,0,0,0,0,0,0,0,0,0,0,0,0,0,0,0,0,0,0,0,0,0,0,0,0,0,0,0,0,0,0,0,0,0,0,0,0,0,0,0,0
Thr_Comb_24,0,0,0,0,0,0,0,0,0,0,0,0,0,0,0,0,0,0,26,0,0,0,0,0,0,0,0,0,0,0,0,0,0,0,0,0,0,0,0,0,0,0,0,0,0,0,0,0,0
His_Comb_23,0,0,0,0,0,0,0,0,0,0,0,0,0,0,0,0,0,0,0,0,0,0,0,0,0,0,0,0,0,0,0,0,0,0,0,0,0,0,0,0,0,0,0,0,0,0,0,0,0
His_Comb_24,0,0,0,0,0,0,0,0,0,0,0,0,0,0,0,0,0,0,0,0,0,0,0,0,0,0,0,0,0,0,0,0,0,0,0,0,0,0,0,0,0,0,0,0,0,0,0,0,0
Ser_Comb_24,0,2,0,0,0,0,0,0,0,2,0,0,0,0,3,0,6,5,9,0,9,0,3,0,0,0,0,0,0,1,0,0,0,21,0,0,0,0,0,0,0,0,0,1,0,0,0,1,0
Ser_Comb_25,0,0,0,0,0,0,0,0,0,0,0,0,0,0,0,0,0,0,8,0,0,0,1,0,0,0,0,0,0,0,0,0,0,0,0,0,0,0,0,0,0,0,3,37,0,0,0,4,0
Ser_Comb_26,0,0,0,0,3,0,0,0,0,0,1,0,0,0,4,0,0,0,24,0,21,0,3,0,0,0,0,0,0,0,0,0,0,41,0,0,0,0,2,1,0,0,18,3,0,0,0,7,0
Ser_Comb_27,0,0,0,0,0,0,0,0,0,0,0,0,0,0,0,0,0,0,4,0,0,0,0,0,0,0,0,0,0,0,0,0,0,0,0,0,0,0,0,0,0,0,1,0,0,0,0,0,0
Met_Comb_15,12,0,0,16,0,1,0,0,1,0,0,0,0,0,0,0,9,1,350,0,118,0,15,0,0,0,0,6,2,0,8,0,0,0,0,0,0,6,0,0,0,0,68,344,3,0,0,4,0
Tyr_Comb_9,0,0,0,0,0,0,0,0,0,1,0,0,0,0,0,2,0,0,36,0,1,0,1,0,1,0,0,0,0,0,0,0,0,0,0,0,0,0,0,0,0,0,0,1,0,0,0,0,1
Tyr_Comb_10,0,0,0,0,9,0,0,0,0,0,0,0,0,0,1,0,0,0,577,0,14,0,11,0,0,0,0,0,0,0,0,0,0,28,0,0,0,0,5,0,0,0,16,20,0,0,1,2,0
Tyr_Comb_11,0,0,0,0,0,0,0,0,0,8,0,0,0,0,0,0,0,1,99,0,34,0,2,0,0,0,0,0,0,0,0,1,0,18,0,0,0,0,0,0,0,0,7,1,0,0,6,2,0
Tyr_Comb_12,40,9,70,9,22,5,0,0,1,5,38,3,0,0,27,57,1,26,824,0,7,0,21,0,0,0,0,9,16,15,0,47,0,39,14,0,0,2,0,8,6,0,65,12,0,0,6,20,12
Tyr_Comb_13,0,0,0,0,8,0,0,0,0,12,0,15,0,0,0,0,0,8,34,0,3,0,0,0,0,0,0,0,0,0,0,0,0,0,0,0,0,0,0,0,0,0,0,0,0,0,0,5,0
Tyr_Comb_14,17,23,2,41,19,0,13,11,15,62,5,136,44,13,118,76,11,36,6455,10,265,37,112,56,0,3,0,29,35,50,2,0,0,185,0,34,0,5,1,91,1,2,684,135,1,125,38,25,0
Pro_Comb_22,0,0,0,0,0,0,0,0,0,0,0,0,0,0,0,0,0,0,0,0,0,0,0,0,0,0,0,0,0,0,0,0,0,0,0,0,0,0,0,0,0,0,0,0,0,0,0,0,0
Arg_Comb_38,2,0,0,0,0,0,0,0,0,0,0,0,0,0,0,0,0,0,3,0,8,0,0,0,0,0,0,0,0,0,0,0,0,0,0,0,0,0,0,0,0,0,1,3,0,0,0,2,0
Arg_Comb_39,8,4,0,0,23,0,2,0,0,22,24,0,15,5,0,4,5,4,71,1,25,0,4,0,102,0,0,9,0,1,0,0,0,10,0,0,0,0,10,3,0,0,33,12,0,0,0,0,0
Arg_Comb_40,0,0,0,0,0,0,0,0,0,0,0,0,0,0,4,0,0,0,8,0,3,0,1,0,0,0,0,0,0,0,0,0,0,15,0,0,0,0,0,0,0,0,10,18,0,0,0,0,0
Arg_Comb_41,0,0,0,0,0,0,0,0,0,0,0,0,0,0,0,0,0,0,0,0,0,0,0,0,0,0,0,0,0,0,0,0,0,0,0,0,0,0,0,0,0,0,0,0,0,0,0,0,0
Arg_Comb_42,0,0,0,0,0,0,0,0,0,0,0,0,0,0,0,0,0,0,13,0,0,0,0,0,0,0,0,0,0,0,0,0,0,0,0,0,0,0,0,0,0,0,1,6,0,0,0,0,0
Val_Comb_40,126,171,57,134,354,124,167,168,223,210,145,105,89,85,240,406,165,247,229290,260,17719,100,7872,186,585,25,32,98,246,150,427,28,98,921,18,170,31,93,395,124,98,102,57260,294192,29,1575,165,3522,139
Thr_Comb_25,0,0,0,0,0,0,0,0,0,0,0,0,0,0,0,0,0,0,0,0,0,0,0,0,0,0,0,0,0,0,0,0,0,0,0,0,0,0,0,0,0,0,3,0,0,0,0,0,0
Arg_Comb_43,0,0,0,0,0,0,0,0,0,0,0,0,0,0,0,0,0,0,0,0,0,0,0,0,0,0,0,0,0,0,0,0,0,0,0,0,0,0,0,0,0,0,0,0,0,0,0,0,0
Arg_Comb_44,0,0,0,1,0,0,8,1,21,0,0,0,0,0,0,0,0,0,246,0,68,0,9,0,0,0,6,0,0,0,0,0,0,0,0,0,0,2,0,0,6,0,175,38,0,0,9,19,0
Arg_Comb_45,21,0,0,0,3,0,0,0,2,0,0,0,0,0,0,14,0,0,5,0,0,18,3,0,0,0,0,0,0,0,12,0,0,26,0,0,0,0,0,0,0,0,3,0,0,19,0,1,0
Ala_Comb_20,0,0,0,0,0,0,0,0,0,0,0,0,0,0,0,14,0,0,2,0,0,0,0,0,0,0,0,0,0,0,0,0,0,0,0,0,0,0,0,0,0,0,0,0,0,0,0,0,0
Ala_Comb_21,0,0,0,0,0,0,0,0,0,0,0,0,0,0,0,0,0,0,0,0,0,0,0,0,0,0,0,0,0,0,0,0,0,0,0,0,0,0,0,0,0,0,0,0,0,0,0,0,0
Phe_Comb_14,34,4,0,0,0,2,0,0,0,1,1,2,0,2,2,0,9,13,28,1,2594,0,96,0,1,1,0,0,0,0,0,38,6,47,0,1,1,1,37,1,2,1,155,73,5,4947,1,13,17
Ile_Comb_23,0,0,0,0,0,0,0,0,0,0,0,0,0,0,0,0,0,0,0,0,1,0,0,0,0,0,0,0,0,0,0,0,0,0,0,0,0,0,8,0,0,0,0,0,0,0,0,0,0
Phe_Comb_15,0,0,0,0,0,0,0,0,0,0,0,0,0,0,0,0,0,0,0,0,0,0,1,0,0,0,0,0,0,0,0,0,0,0,0,0,0,0,0,0,0,0,2,3,0,0,0,0,0
Thr_Comb_26,2,0,0,0,0,0,0,0,0,0,0,0,0,0,10,0,1,0,16,0,31,0,0,0,0,0,0,0,0,0,0,0,0,0,0,0,0,0,0,0,0,0,5,10,0,0,0,0,1
Thr_Comb_27,0,0,0,0,0,1,0,0,0,0,1,0,0,0,0,0,0,0,0,0,0,0,5,0,0,0,0,0,0,0,0,0,0,0,0,0,0,0,0,0,0,447,0,0,0,0,0,0,0
Thr_Comb_28,0,0,0,0,0,0,0,0,0,0,0,0,0,0,0,0,0,0,6,0,0,0,0,0,0,0,0,0,0,0,0,0,2,0,0,0,0,0,0,0,0,0,1,0,0,0,0,0,0
Thr_Comb_29,0,0,0,0,0,0,0,0,0,0,0,0,0,0,0,0,0,0,0,0,2,0,0,0,0,0,0,0,0,0,0,0,0,0,0,0,0,0,0,0,0,0,0,0,0,0,0,0,0
Gly_Comb_34,0,0,0,0,0,0,0,0,0,0,0,0,0,0,9,0,0,1,15,0,0,0,1,0,0,0,0,0,0,0,0,0,0,0,0,0,0,0,0,0,0,0,3,4,0,0,2,2,0
Gly_Comb_35,0,0,0,0,0,0,0,0,0,0,0,0,0,0,0,0,0,0,0,0,0,0,0,0,0,0,0,0,0,0,0,0,0,0,0,0,0,0,0,0,0,0,0,0,0,0,0,0,0
Gly_Comb_36,0,0,0,0,0,0,0,0,0,0,0,0,0,0,0,0,0,0,40,0,0,0,0,0,0,0,0,0,0,0,0,0,0,0,0,0,0,0,0,0,0,0,0,11,0,0,0,0,0
Gly_Comb_37,8,0,0,0,0,1,0,1,0,0,0,0,0,1,12,27,0,1,163,0,20,0,9,37,0,0,0,3,0,1,0,0,0,30,0,0,0,0,27,0,1,0,7,404,0,0,0,8,0
Gly_Comb_38,0,0,0,0,0,0,0,0,0,0,0,0,0,0,0,0,0,0,0,0,0,0,0,0,0,0,0,0,0,0,0,0,0,0,0,0,0,0,0,0,0,0,0,0,0,0,2,0,0
Gly_Comb_39,0,0,0,0,0,0,0,0,0,0,0,0,0,0,0,0,0,0,67,0,1,0,0,0,0,0,0,0,0,0,0,0,0,0,0,0,0,0,0,0,0,0,3,11,0,0,5,0,0
Gly_Comb_40,0,0,0,0,0,0,0,0,0,0,0,0,0,0,0,0,0,0,5,0,0,0,0,0,0,0,0,0,0,0,0,0,0,10,0,0,0,0,0,0,0,0,0,4,0,0,0,0,0
Gly_Comb_41,0,0,0,0,0,0,0,0,0,0,0,0,0,0,0,0,0,0,151,0,7,0,4,0,0,0,0,0,0,0,0,0,0,0,0,0,0,0,0,0,0,0,10,3,0,0,0,0,0
Gly_Comb_42,0,0,0,0,0,0,0,0,0,0,0,0,0,0,0,0,0,0,6,1,0,0,0,0,0,0,0,0,0,0,0,0,0,0,0,0,0,0,0,0,0,0,0,2,0,0,0,0,0
Arg_Comb_46,83,20,0,61,17,93,13,9,1,27,74,7,23,0,1,0,0,6,1058,0,53,8,41,0,0,5,12,0,279,0,0,1,7,117,21,17,0,0,15,0,8,0,185,126,19,0,0,10,23
Arg_Comb_47,3,3,0,0,5,15,1,1,0,7,0,2,0,0,24,9,4,6,11,12,77,11,2,29,0,2,5,1,29,1,13,19,1,29,4,1,0,1,23,9,0,1,18,55,1,259,10,5,5
Arg_Comb_48,0,0,0,0,0,0,0,2,0,0,0,0,0,0,0,0,0,0,0,0,0,0,0,0,0,0,0,0,0,0,0,0,0,0,0,0,0,0,0,0,0,0,0,0,0,0,0,0,0
Arg_Comb_49,0,0,0,0,0,0,0,0,0,0,0,0,0,0,0,0,0,0,0,0,0,0,0,0,0,0,0,0,0,0,0,0,0,0,0,0,0,0,0,0,0,0,0,2,0,0,0,0,0
Arg_Comb_50,0,0,0,0,0,0,0,0,0,0,0,0,0,0,0,0,0,0,0,0,0,0,0,0,0,0,0,0,0,0,0,0,0,0,0,0,0,0,0,0,0,0,0,0,0,0,0,0,0
Arg_Comb_51,0,0,0,0,0,0,0,0,0,0,0,0,0,0,0,0,0,0,0,0,0,0,1,0,0,0,0,0,0,0,0,0,0,0,0,0,0,0,0,0,0,0,0,0,0,0,0,0,0
Asn_Comb_9,0,0,0,0,0,0,0,0,0,2,0,0,0,0,0,0,0,0,1,0,48,0,2,0,0,0,0,0,0,0,0,0,0,1,0,0,0,0,0,0,0,0,0,3,0,0,0,2,0
Asn_Comb_10,0,0,0,0,0,0,0,0,0,0,0,0,0,0,0,0,0,7,10,0,0,0,0,0,0,0,0,0,0,0,0,0,0,0,0,0,0,0,0,0,0,0,3,18,0,0,0,4,0
Asn_Comb_11,13,0,0,0,0,0,0,0,0,1,1,0,0,0,13,0,0,1,299,0,103,0,9,0,1,0,0,0,8,0,0,0,0,55,0,0,0,4,0,0,0,0,14,10,0,0,1,13,0
Asn_Comb_12,0,0,0,0,0,0,0,0,0,0,0,0,0,0,0,0,0,0,57,0,7,0,1,0,0,0,0,0,0,0,0,0,0,0,0,0,0,0,0,0,0,0,11,1,0,0,0,2,0
Asn_Comb_13,8,0,1,0,18,0,2,0,7,13,0,7,0,0,12,21,0,1,593,0,11,8,10,0,0,3,0,0,0,0,12,0,0,110,0,0,1,5,0,51,0,0,36,35,0,0,0,2,0
Asn_Comb_14,0,0,0,0,0,0,0,0,0,0,0,0,0,0,0,0,0,0,0,0,0,0,0,0,0,0,0,0,0,0,0,0,0,0,0,0,0,0,0,0,0,0,0,0,0,0,0,0,0
Asn_Comb_15,0,0,0,0,0,0,0,0,0,0,0,0,0,0,5,0,0,0,0,0,5,0,0,0,0,0,0,0,0,0,0,0,0,0,0,0,0,0,0,0,0,0,0,0,0,0,0,1,0
Asn_Comb_16,0,0,0,0,15,0,0,0,0,14,0,6,0,0,20,0,0,0,36,1,9,0,2,0,0,0,0,0,42,0,0,0,0,0,0,0,0,0,0,0,2,0,34,8,0,0,0,4,0
Asp_Comb_10,0,0,0,0,4,46,0,16,19,30,0,0,20,0,9,0,0,1,288,0,30,0,3,0,0,0,39,0,0,0,28,0,22,0,6,0,0,0,0,0,13,0,9,15,1,0,45,0,8
Asp_Comb_11,0,0,0,0,0,0,0,0,0,0,0,0,0,0,0,0,0,0,1,0,0,0,0,0,0,0,0,0,0,0,0,0,0,0,0,0,0,0,0,0,0,0,4,1,0,0,0,0,0
Asp_Comb_12,0,0,0,0,0,0,0,0,0,0,0,0,0,0,0,0,0,0,0,0,0,1,0,0,0,0,0,0,0,0,0,0,0,2,0,0,0,0,0,0,0,0,9,0,0,0,0,0,0
Asp_Comb_13,0,0,0,0,0,0,0,0,0,0,0,0,0,0,3,0,0,0,0,0,0,0,1,0,0,0,0,0,0,0,0,0,0,0,0,0,0,0,0,0,0,0,0,0,0,0,0,0,0
Asp_Comb_14,0,0,0,0,7,0,0,0,0,0,0,0,0,0,0,0,0,0,0,0,42,3,1,0,0,0,0,0,0,0,0,0,0,0,0,0,0,0,0,0,0,0,0,0,0,0,0,0,0
Arg_Comb_52,0,0,0,0,0,0,0,0,0,0,0,0,0,0,0,0,0,0,14,0,0,0,0,0,0,0,0,0,0,0,0,0,0,0,0,0,0,0,0,0,0,0,0,0,0,0,0,0,0
Arg_Comb_53,0,0,0,0,0,0,0,0,0,0,0,0,0,0,0,0,0,0,6,0,0,0,0,0,0,0,0,0,0,0,0,0,0,0,0,0,0,0,0,0,0,0,7,3,0,0,0,0,0
Arg_Comb_54,0,0,0,0,0,0,0,0,0,0,0,0,0,0,0,0,0,0,0,0,0,0,0,0,0,0,0,0,0,0,0,0,0,0,0,0,0,0,0,0,0,0,3,0,0,0,0,2,0
Arg_Comb_55,0,0,0,0,0,0,0,0,0,0,0,0,0,0,0,0,0,0,118,0,2,0,0,0,0,0,0,0,0,0,0,0,0,0,0,0,0,0,22,0,0,0,12,0,0,0,0,0,0
Gln_Comb_23,0,0,0,11,0,0,0,0,0,0,0,0,0,0,0,0,0,10,0,5,6,0,3,0,98,0,0,4,0,0,0,0,0,0,0,0,0,0,0,0,0,0,0,0,0,0,0,0,0
Ser_Comb_28,0,0,0,0,0,0,0,0,0,0,0,0,0,0,0,0,0,0,0,0,0,0,0,0,0,0,0,0,0,0,0,0,0,0,0,0,0,0,0,0,0,0,0,0,0,0,0,0,0
Leu_Comb_45,0,0,0,0,0,0,0,0,0,0,0,0,0,0,0,0,0,0,0,0,0,0,0,20,0,0,0,0,0,0,0,0,0,0,0,0,0,0,0,0,0,0,0,0,0,0,0,0,0
Glu_Comb_27,4,8,0,4,3,5,1,8,3,10,2,1,6,5,9,3,10,7,18,6,30,0,8,4,6,0,0,2,3,3,1,2,1,4,0,5,2,4,0,5,2,1,9,11,3,2,3,14,5
Glu_Comb_28,13,1,53,0,4,11,0,0,7,41,0,22,1,8,35,30,0,45,362,0,265,5,11,0,0,3,6,11,0,6,1,0,0,0,0,0,0,1,18,82,6,0,52,45,0,0,0,13,5
Glu_Comb_29,0,1,0,0,0,0,0,0,3,17,0,0,19,0,0,0,1,21,354,0,75,0,8,0,0,0,0,0,0,0,0,11,0,148,0,0,1,0,19,0,0,0,11,12,0,0,18,0,0
Glu_Comb_30,0,0,0,0,0,0,0,0,0,0,0,0,0,0,0,0,0,0,2,0,2,0,0,0,0,0,0,0,0,0,0,0,0,0,0,0,0,0,0,0,0,0,0,0,0,0,0,0,0
Glu_Comb_31,0,2,0,1,0,13,0,1,0,10,0,0,0,0,8,3,3,67,31,2,112,0,5,0,1,0,0,2,0,28,0,0,0,3,0,1,0,0,7,16,8,0,30,8,0,0,2,1,0
Glu_Comb_32,0,0,0,0,0,0,0,0,0,0,0,0,0,0,0,0,0,0,194,0,7,0,0,0,0,0,0,1,0,0,0,0,0,0,0,0,0,10,0,0,0,1,7,13,0,0,0,4,0
Glu_Comb_33,471,356,582,681,386,990,137,378,471,1386,1328,3118,347,319,1539,1826,169,1658,6517,437,5335,198,781,753,3234,42,8,341,526,885,43,249,35,1213,94,373,1,276,454,1249,1221,3,2119,6652,60,320,925,622,369
Glu_Comb_34,91,25,244,8,44,69,8,11,26,87,36,203,61,13,74,22,12,127,118,18,948,34,47,3,161,11,0,13,35,71,8,75,1,245,19,47,17,10,30,61,102,0,26,133,4,0,90,17,32
Glu_Comb_35,0,0,0,0,0,0,0,0,0,0,0,0,0,0,0,0,0,0,0,0,0,0,0,0,0,0,0,0,0,0,0,0,0,0,0,0,0,0,0,0,0,0,0,0,0,0,0,0,0
Glu_Comb_36,0,0,0,0,21,17,1,0,0,9,1,0,0,31,30,0,3,30,233,0,4,0,1,0,0,0,0,0,0,0,0,0,0,0,0,0,0,4,0,0,0,0,14,2,0,0,0,6,0
Ser_Comb_29,1,18,0,18,14,0,7,13,23,18,6,37,14,8,4,28,2,4,8,23,7,5,6,0,0,0,0,11,43,2,19,0,0,7,0,7,0,7,7,0,24,0,2,2,1,18,6,10,2
Gln_Comb_24,1,1,2,7,18,2,14,5,6,10,0,29,2,4,1,8,2,4,17,1,9,7,10,3,25,0,0,13,26,2,1,1,4,25,0,9,0,2,9,1,12,14,4,7,2,0,8,0,1
Gln_Comb_25,0,0,0,0,0,0,0,0,0,0,0,0,0,0,0,0,0,0,0,0,0,0,0,0,0,0,0,0,0,0,0,0,0,0,0,0,0,0,0,0,0,0,0,0,0,0,0,0,0
Lys_Comb_28,0,0,0,0,0,0,0,0,0,0,0,0,0,0,0,0,0,0,0,0,0,0,0,0,0,0,0,0,0,0,0,0,0,0,0,0,0,0,0,0,0,0,0,0,0,0,0,0,0
